volunteer_id,status,city,state
26483,indisponivel,SAO PAULO,SP
24077,indisponivel,BRASILIA,DF
20555,indisponivel,RIO DE JANEIRO,RJ
25612,indisponivel,RIO DE JANEIRO,RJ
19619,indisponivel,CAUCAIA,CE
25864,indisponivel,SAO PAULO,SP
28052,indisponivel,VILA VELHA,ES
26976,indisponivel,VITORIA,ES
25046,indisponivel,VOLTA REDONDA,RJ
23100,indisponivel,CURITIBA,PR
23438,indisponivel,GUARUJA,SP
25304,indisponivel,SAO PAULO,SP
24679,indisponivel,RIO DE JANEIRO,RJ
26615,indisponivel,RIO DE JANEIRO,RJ
22415,indisponivel,SAO PAULO,SP
27698,indisponivel,LEME,SP
21015,indisponivel,PAULINIA,SP
23510,indisponivel,SAO JOSE DO RIO PRETO,SP
24666,indisponivel,SAO PAULO,SP
28110,indisponivel,CURITIBA,PR
19733,indisponivel,PATOS DE MINAS,MG
26202,indisponivel,SAO BERNARDO DO CAMPO,SP
19236,indisponivel,SAO PAULO,SP
21737,indisponivel,CUIABA,MT
26257,indisponivel,SUZANO,SP
24622,indisponivel,CATU,BA
15685,indisponivel,ITUTINGA,MG
27541,indisponivel,FLORIANOPOLIS,SC
17559,indisponivel,RIO DE JANEIRO,RJ
25518,indisponivel,SALVADOR,BA
16112,indisponivel,GUACUI,ES
27724,indisponivel,VILA VELHA,ES
20056,indisponivel,CURITIBA,PR
25017,indisponivel,TAUBATE,SP
25591,indisponivel,RECIFE,PE
15586,indisponivel,SAO PAULO,SP
25442,indisponivel,SAO VICENTE,SP
26924,indisponivel,FLORIANOPOLIS,SC
23496,indisponivel,BELEM,PA
25480,indisponivel,BRASILIA,DF
26706,indisponivel,SAO PAULO,SP
18225,indisponivel,FORTALEZA,CE
19069,indisponivel,RESENDE,RJ
28492,indisponivel,SAO PAULO,SP
27546,indisponivel,BRASILIA,DF
17281,indisponivel,TORRES,RS
25256,indisponivel,SAO PAULO,SP
21243,indisponivel,GOIANIA,GO
25620,indisponivel,CAXIAS DO SUL,RS
15505,indisponivel,BRASILIA,DF
26421,indisponivel,BENTO GONCALVES,RS
15558,indisponivel,SAO PAULO,SP
15574,indisponivel,LAURO DE FREITAS,BA
15567,indisponivel,OSASCO,SP
20353,indisponivel,CAXIAS DO SUL,RS
28556,indisponivel,RIO DE JANEIRO,RJ
15588,indisponivel,BELO HORIZONTE,MG
15589,indisponivel,TAUBATE,SP
15579,indisponivel,NATAL,RN
15592,indisponivel,VITORIA E CARIACICA,ES
15619,indisponivel,JOAO PESSOA,PB
15617,indisponivel,CAMPINAS,SP
15636,indisponivel,RIBEIRAO PRETO,SP
15609,indisponivel,CAMPINA GRANDE,PB
15614,indisponivel,NITEROI,RJ
15648,indisponivel,SAO PAULO,SP
15652,indisponivel,SAO JOSE DOS CAMPOS,SP
15661,indisponivel,TERESINA,PI
15644,indisponivel,SAO PAULO,SP
18603,indisponivel,BELEM,PA
16097,indisponivel,APARECIDA DE GOIANIA,GO
15686,indisponivel,RIO DE JANEIRO,RJ
15692,indisponivel,VOLTA REDONDA,RJ
15721,indisponivel,BRASILIA,DF
15717,indisponivel,SAO PAULO,SP
15700,indisponivel,SANTOS,SP
15719,indisponivel,SOBRAL,CE
15703,indisponivel,PARNAMIRIM,PE
15735,indisponivel,SALVADOR,BA
15730,indisponivel,BRASILIA,DF
15742,indisponivel,VITORIA DA CONQUISTA,BA
15726,indisponivel,FORMOSA,GO
15736,indisponivel,BRASILIA,DF
15776,indisponivel,RIO DE JANEIRO,RJ
15780,indisponivel,SAO PAULO,SP
15783,indisponivel,LIMA DUARTE,MG
15787,indisponivel,PETROPOLIS,RJ
15777,indisponivel,TABOAO DA SERRA,SP
15820,indisponivel,SAO PAULO,SP
15835,indisponivel,BRASILIA,DF
27477,indisponivel,SAO PAULO,SP
24880,indisponivel,APARECIDA,SP
25536,indisponivel,PORTO ALEGRE,RS
22679,indisponivel,SAO PAULO,SP
20237,indisponivel,CURITIBA,PR
14134,indisponivel,RIO DE JANEIRO ,RJ
15928,indisponivel,RIO DE JANEIRO,RJ
26322,indisponivel,CAMPINAS,SP
15962,indisponivel,RIO DE JANEIRO,RJ
16010,indisponivel,SAPUCAIA DO SUL,RS
26045,indisponivel,SAO PAULO,SP
16445,indisponivel,CAMPINAS,SP
18717,indisponivel,RIO DE JANEIRO,RJ
21176,indisponivel,GAROPABA,SC
21046,indisponivel,LONDRINA,PR
16064,indisponivel,SAO JOSE DOS CAMPOS,SP
16089,indisponivel,RIO DE JANEIRO,RJ
16139,indisponivel,SENADOR CANEDO,GO
25110,indisponivel,JACAREI,SP
20583,indisponivel,INDAIATUBA,SP
16231,indisponivel,SANTOS,SP
16263,indisponivel,BRASILIA,DF
21253,indisponivel,BAURU,SP
27135,indisponivel,LAGES,SC
24956,indisponivel,BELO HORIZONTE,MG
25689,indisponivel,RIO DE JANEIRO,RJ
22533,indisponivel,RIBEIRAO PRETO,SP
25308,indisponivel,SAO PAULO,SP
25742,indisponivel,PEDRO LEOPOLDO,MG
15595,indisponivel,GUARUJA,SP
15738,indisponivel,DIVINOPOLIS,MG
25205,indisponivel,RIO DE JANEIRO,RJ
15620,indisponivel,RONDONOPOLIS,MT
15827,indisponivel,SAO PAULO,SP
16145,indisponivel,SAO PAULO,SP
17585,indisponivel,SAO PAULO,SP
17624,indisponivel,CURITIBA,PR
17637,indisponivel,PIRACICABA,SP
17622,indisponivel,ITAJAI,SC
17656,indisponivel,CAMPINA GRANDE,PB
17838,indisponivel,ARAUCARIA,PR
27713,indisponivel,DOURADOS,MS
20686,indisponivel,SANTA MARIA,RS
27119,indisponivel,BRASILIA,DF
29695,indisponivel,RIBEIRAO DAS NEVES,MG
26053,indisponivel,OSASCO,SP
22888,indisponivel,CURITIBA,PR
28812,indisponivel,BRASILIA,DF
24767,indisponivel,ARARAS,SP
24635,indisponivel,SALTO DO LONTRA,PR
15549,indisponivel,GOIANIA,GO
24887,indisponivel,SALVADOR,BA
24923,indisponivel,EMBU DAS ARTES,SP
15593,indisponivel,VITORIA DA CONQUISTA,BA
15606,indisponivel,JOAO PESSOA,PB
17956,indisponivel,SAO PAULO,SP
17957,indisponivel,BRASILIA,DF
17960,indisponivel,SAO PAULO,SP
26231,indisponivel,RIO DE JANEIRO,RJ
20098,indisponivel,MOSSORO,RN
15662,indisponivel,CANARANA,MT
17555,indisponivel,BRUMADINHO,MG
20783,indisponivel,CENTENARIO DO SUL,PR
27658,indisponivel,CUIABA,MT
18081,indisponivel,RIBEIRAO PRETO,SP
25648,indisponivel,CHAPADA DOS GUIMARAES,MT
18170,indisponivel,SAO LUIS,MA
18192,indisponivel,SAO JOAO DEL REI,MG
18201,indisponivel,MARICA,RJ
18230,indisponivel,CUIABA,MT
18233,indisponivel,INDAIATUBA,SP
18241,indisponivel,MANAUS,AM
18252,indisponivel,SAO PAULO,SP
18275,indisponivel,BRASILIA,DF
18282,indisponivel,SAO CARLOS,SP
18289,indisponivel,SAO PAULO,SP
18319,indisponivel,CUIABA,MT
18348,indisponivel,VITORIA DA CONQUISTA,BA
24302,indisponivel,SUZANO,SP
18604,indisponivel,BRASILIA,DF
15580,indisponivel,NITEROI,RJ
18618,indisponivel,SALVADOR,BA
18642,indisponivel,SAO PAULO,SP
18689,indisponivel,PORTO FELIZ,SP
16034,indisponivel,SAO PAULO,SP
18713,indisponivel,SAO JOAO NEPOMUCENO,MG
18704,indisponivel,RIO DE JANEIRO,RJ
18719,indisponivel,UBERLANDIA,MG
18725,indisponivel,SAO PAULO ,SP
18727,indisponivel,BELO HORIZONTE,MG
18739,indisponivel,RIO DE JANEIRO,RJ
18753,indisponivel,SAO BERNARDO DO CAMPO,SP
18762,indisponivel,BRASILIA,DF
18772,indisponivel,SAO PAULO,SP
18751,indisponivel,NOVA IGUACU,RJ
25470,indisponivel,PORTO FERREIRA,SP
18784,indisponivel,FLORIANOPOLIS,SC
18790,indisponivel,SAO PAULO,SP
18808,indisponivel,BELEM,PA
17649,indisponivel,BRASILIA,DF
24776,indisponivel,RIBEIRAO PRETO,SP
17997,indisponivel,CARUARU,PE
27420,indisponivel,RIBEIRAO PIRES,SP
18757,indisponivel,SAO PAULO,SP
17747,indisponivel,BARRA MANSA,RJ
15562,indisponivel,RIO DE JANEIRO,RJ
28507,indisponivel,UBERLANDIA,MG
21663,indisponivel,RIO DE JANEIRO,RJ
21688,disponivel,FORTALEZA,CE
18990,indisponivel,JUIZ DE FORA,MG
21738,indisponivel,MEDINA,MG
22893,indisponivel,RIO DE JANEIRO,RJ
28222,indisponivel,FRANCO DA ROCHA,SP
22018,indisponivel,RIO DE JANEIRO,RJ
28755,indisponivel,CACHOEIRA DO SUL,RS
23053,disponivel,MACEIO,AL
22178,indisponivel,SAO GONCALO,RJ
27074,indisponivel,SAO PAULO,SP
21508,indisponivel,PORTO ALEGRE,RS
19967,indisponivel,CAJAMAR,SP
22218,indisponivel,BRASILIA,DF
22214,indisponivel,RIO DE JANEIRO,RJ
22502,indisponivel,RIO DE JANEIRO,RJ
22268,indisponivel,CAMPINA GRANDE,PB
17964,indisponivel,IBIRITE,MG
22286,indisponivel,MACEIO,AL
22307,indisponivel,SAO PAULO,SP
25451,indisponivel,SAO PAULO,SP
18362,indisponivel,CANOAS,RS
25854,indisponivel,SAO PAULO,SP
22345,indisponivel,BRASILIA,DF
22348,indisponivel,JUNDIAI,SP
22371,indisponivel,SANTA MARIA,RS
22373,indisponivel,FORTALEZA ,CE
19571,indisponivel,SALVADOR,BA
22388,indisponivel,CAMPINA GRANDE,PB
22411,indisponivel,SAO PAULO,SP
22429,indisponivel,SAO PAULO,SP
22601,indisponivel,RIO DE JANEIRO,RJ
22423,indisponivel,VILA VELHA,ES
22449,indisponivel,RIBEIRAO PRETO,SP
22451,indisponivel,RIO DE JANEIRO,RJ
27503,indisponivel,ARACAJU,SE
18781,indisponivel,CURITIBA,PR
16655,indisponivel,PORTO ALEGRE,RS
22506,indisponivel,SAO PAULO,SP
28971,indisponivel,DOURADOS,MS
22561,indisponivel,BELO HORIZONTE,MG
25843,indisponivel,MAUA,SP
22633,indisponivel,AMERICANA ,SP
22651,indisponivel,BARUERI,SP
22692,indisponivel,ITAJUBA,MG
22757,indisponivel,SAO PAULO,SP
22792,indisponivel,BELO HORIZONTE,MG
22806,indisponivel,RECIFE,PE
24826,indisponivel,SAO PAULO,SP
22864,indisponivel,SAO PAULO,SP
19354,indisponivel,CUIABA,MT
28587,indisponivel,JABOATAO DOS GUARARAPES,PE
18180,indisponivel,SAO PAULO,SP
22911,indisponivel,DUQUE DE CAXIAS,RJ
20052,indisponivel,JUNDIAI,SP
15749,indisponivel,SAO PAULO,SP
27615,indisponivel,POCOS DE CALDAS,MG
21677,indisponivel,SAO JOSE DO RIO PRETO,SP
21673,indisponivel,SAO PAULO,SP
21730,indisponivel,SOROCABA,SP
21726,indisponivel,SAO PAULO,SP
26649,indisponivel,RECIFE,PE
22200,indisponivel,SAO PAULO,SP
18158,indisponivel,CAMPOS DOS GOYTACAZES,RJ
22519,indisponivel,COTIA,SP
22653,indisponivel,RIO DE JANEIRO,RJ
22658,indisponivel,CURITIBA,PR
22929,indisponivel,SAO JOSE DO RIO PRETO,SP
26489,indisponivel,BOTUCATU,SP
19712,indisponivel,CANDEIAS,BA
25962,indisponivel,RIO DE JANEIRO,RJ
14935,indisponivel,CAMPINAS,SP
23092,indisponivel,CURITIBA,PR
23094,indisponivel,SAO PAULO,SP
23124,indisponivel,IGUATU,CE
20264,indisponivel,VOLTA REDONDA,RJ
23149,indisponivel,NITEROI,RJ
23175,indisponivel,CEDRO,PE
23187,indisponivel,ITAPIPOCA,CE
23197,indisponivel,INDAIATUBA,SP
23215,indisponivel,RIO DE JANEIRO,RJ
16129,indisponivel,BELO HORIZONTE,MG
23262,indisponivel,SAO PAULO,SP
23307,indisponivel,RIO DE JANEIRO,RJ
23308,indisponivel,CURITIBA,PR
23315,indisponivel,ITATIBA,SP
29134,indisponivel,VILA PAVAO,ES
29092,indisponivel,SAO PAULO,SP
15641,indisponivel,SANTO ANDRE,SP
23381,indisponivel,RIO DE JANEIRO,RJ
23405,indisponivel,SANTA BARBARA D OESTE,SP
25189,indisponivel,SAO PAULO,SP
23431,indisponivel,SAO PAULO,SP
23441,indisponivel,BELO HORIZONTE,MG
23518,indisponivel,SAO PAULO,SP
23525,indisponivel,CURITIBA,PR
23548,indisponivel,ITAPETINGA,BA
15599,indisponivel,FORTALEZA,CE
23612,indisponivel,ARACATUBA,SP
23623,indisponivel,NATAL,RN
26133,indisponivel,CURITIBA,PR
23652,indisponivel,GUARULHOS ,SP
23660,indisponivel,MAUA,SP
23647,indisponivel,SAO JOSE,SC
23676,indisponivel,RIO DE JANEIRO,RJ
28680,indisponivel,CUIABA,MT
25738,indisponivel,OSASCO,SP
26898,indisponivel,GOIANIA,GO
23707,indisponivel,SAO PAULO,SP
23727,indisponivel,MAGE,RJ
20845,indisponivel,SAO LUIS,MA
23761,indisponivel,NATAL,RN
15714,indisponivel,RIO DE JANEIRO,RJ
15741,indisponivel,TUCURUI,PA
20643,indisponivel,BELEM,PA
28686,indisponivel,SAO PAULO,SP
27998,indisponivel,LAURO DE FREITAS,BA
16570,indisponivel,IPUMIRIM,SC
21035,indisponivel,SAO PAULO,SP
21103,indisponivel,ANTONINA,PR
24081,indisponivel,CURITIBA,PR
28693,indisponivel,PIRASSUNUNGA,SP
17456,indisponivel,GUARULHOS,SP
24116,indisponivel,JOAO PESSOA ,PB
24111,indisponivel,CURITIBA,PR
25530,indisponivel,ARACRUZ,ES
25541,indisponivel,FORTALEZA,CE
25532,indisponivel,SOROCABA,SP
25538,indisponivel,SALVADOR,BA
25546,indisponivel,SALVADOR,BA
25508,indisponivel,RIBEIRAO PRETO,SP
25534,indisponivel,BELO HORIZONTE,MG
23049,indisponivel,RIO DE JANEIRO,RJ
25559,indisponivel,BELO HORIZONTE,MG
29000,indisponivel,SAO PAULO,SP
24218,indisponivel,LAGOA SANTA,MG
17913,indisponivel,MANAUS,AM
24242,indisponivel,CURRAIS NOVOS,RN
21901,indisponivel,IBIPEBA,BA
28698,indisponivel,CASCAVEL,PR
24279,indisponivel,FLORIANOPOLIS,SC
24264,indisponivel,SAO JOSE,SC
24295,indisponivel,SAO VICENTE,SP
24282,indisponivel,LONDRINA,PR
28463,indisponivel,CURITIBA,PR
28490,indisponivel,SAO PAULO,SP
25579,indisponivel,FOZ DO IGUACU,PR
26025,indisponivel,BELEM,PA
23417,indisponivel,FORTALEZA,CE
23658,indisponivel,SANTO ANDRE,SP
29329,indisponivel,CAMPOS DOS GOYTACAZES,RJ
24091,indisponivel,GUARAPUAVA,PR
25533,indisponivel,FRANCA,SP
28512,indisponivel,SAO PAULO,SP
23861,indisponivel,CURITIBA,PR
24233,indisponivel,RIO DE JANEIRO,RJ
21522,indisponivel,CONTAGEM,MG
25359,indisponivel,FEIRA DE SANTANA,BA
24356,indisponivel,APARECIDA DE GOIANIA,GO
24364,indisponivel,NOVA IGUACU,RJ
24408,indisponivel,PORTO ALEGRE,RS
24428,indisponivel,MANAUS,AM
24480,indisponivel,CURITIBA,PR
24486,indisponivel,SAO PAULO,SP
24471,indisponivel,TABOAO DA SERRA,SP
24475,indisponivel,UBATUBA,SP
24527,indisponivel,CRICIUMA,SC
24505,indisponivel,NITEROI,RJ
16308,indisponivel,CAXIAS DO SUL,RS
24976,indisponivel,SALVADOR,BA
24570,indisponivel,RIO DE JANEIRO,RJ
24578,indisponivel,RIO DE JANEIRO,RJ
24581,indisponivel,SAO CARLOS,SP
24567,indisponivel,SAO PAULO,SP
25721,indisponivel,BELFORD ROXO,RJ
25049,indisponivel,SANTA ROSA,RS
18685,indisponivel,UBERABA,MG
24673,indisponivel,PASSO FUNDO,RS
24660,indisponivel,BAURU,SP
24698,indisponivel,NILOPOLIS,RJ
24683,indisponivel,MOGI MIRIM,SP
24647,indisponivel,PERUIBE,SP
28712,indisponivel,RIO DE JANEIRO,RJ
24675,indisponivel,CAMPINAS,SP
24718,indisponivel,SALVADOR,BA
24719,indisponivel,RIO DE JANEIRO,RJ
24707,indisponivel,RIO DE JANEIRO,RJ
24708,indisponivel,MIRANTE DO PARANAPANEMA,SP
24743,indisponivel,CARIACICA,ES
24748,indisponivel,BRASILIA,DF
24755,indisponivel,RIO DE JANEIRO,RJ
24746,indisponivel,TIETE,SP
24756,indisponivel,FORTALEZA,CE
24758,indisponivel,BRASILIA,DF
24753,indisponivel,JEQUIE,BA
24749,indisponivel,OSORIO,RS
24766,indisponivel,GOIANIA,GO
24790,indisponivel,RIO DE JANEIRO,RJ
24777,indisponivel,REGISTRO,SP
24784,indisponivel,RIO DE JANEIRO,RJ
24799,indisponivel,RIBEIRAO PRETO,SP
24802,indisponivel,SAO PAULO,SP
24803,indisponivel,CAMPINAS,SP
24809,indisponivel,JALES,SP
24805,indisponivel,CAPITAO ENEAS,MG
24818,indisponivel,SALVADOR,BA
24794,indisponivel,MACAE,RJ
24810,indisponivel,MAIRINQUE,SP
24839,indisponivel,RIO DE JANEIRO,RJ
24850,indisponivel,LAJEADO,RS
24851,indisponivel,SAO PAULO,SP
24835,indisponivel,COSMOPOLIS,SP
24857,indisponivel,SOROCABA,SP
24843,indisponivel,CACHOEIRA DO SUL,RS
24877,indisponivel,BELO HORIZONTE,MG
24852,indisponivel,SAO THOME DAS LETRAS,MG
24906,indisponivel,SAO GABRIEL,RS
24896,indisponivel,SAO PAULO,SP
24889,indisponivel,SERRA DO RAMALHO,BA
24927,indisponivel,AMERICANA,SP
24912,indisponivel,SAO SEBASTIAO,SP
24917,indisponivel,SANTOS,SP
24934,disponivel,FEIRA DE SANTANA,BA
24955,indisponivel,LONDRINA,PR
27042,indisponivel,SAO PAULO,SP
24930,indisponivel,BRASILIA,DF
24935,indisponivel,DIVINOPOLIS,MG
24960,indisponivel,SALVADOR,BA
24952,indisponivel,SAO GONCALO DOS CAMPOS,BA
24958,indisponivel,NITEROI,RJ
24989,indisponivel,CAMPINAS,SP
24736,indisponivel,SAO PAULO,SP
24959,indisponivel,CAMPO GRANDE,MS
24979,indisponivel,DOURADOS,MS
24987,indisponivel,CURITIBA,PR
24999,indisponivel,MANAUS,AM
25015,indisponivel,RIO DE JANEIRO,RJ
19382,indisponivel,BAURU,SP
24998,indisponivel,FEIRA DE SANTANA,BA
25020,indisponivel,MANAUS,AM
25030,indisponivel,SANTO ANDRE,SP
25028,indisponivel,RIO DE JANEIRO,RJ
25033,indisponivel,SAO PAULO,SP
25031,indisponivel,SAO JOAO DEL REI,MG
20352,indisponivel,SAO PEDRO DOS FERROS,MG
25044,indisponivel,TERESINA,PI
25056,indisponivel,PORTO ALEGRE,RS
25072,indisponivel,SANTANA DE PARNAIBA,SP
25077,indisponivel,UBA,MG
25059,indisponivel,SAO PAULO,SP
25034,indisponivel,ATIBAIA,SP
25080,indisponivel,SAO BERNARDO DO CAMPO,SP
25062,indisponivel,GOIANIA,GO
25085,indisponivel,CURITIBA,PR
25091,indisponivel,SAO PAULO,SP
25092,indisponivel,SAO JOSE DOS CAMPOS,SP
25104,indisponivel,FORTALEZA,CE
25073,indisponivel,SAO PAULO,SP
25084,indisponivel,CURITIBA,PR
25099,indisponivel,SOROCABA,SP
25106,indisponivel,PASSOS,MG
25120,indisponivel,CAJAMAR,SP
25122,indisponivel,RIO DE JANEIRO,RJ
25135,indisponivel,VALINHOS,SP
25136,indisponivel,JOAO PESSOA,PB
25111,indisponivel,NOVO HAMBURGO,RS
25159,indisponivel,BELO HORIZONTE,MG
25156,indisponivel,FORTALEZA,CE
25157,indisponivel,JOAO MONLEVADE,MG
25168,indisponivel,SANTOS,SP
25153,indisponivel,SAO PAULO,SP
25162,indisponivel,PORTO ALEGRE,RS
25142,indisponivel,SAPIRANGA,RS
25144,indisponivel,ITAJAI,SC
16397,indisponivel,SAO JOSE DOS CAMPOS,SP
25152,indisponivel,ITAMARAJU,BA
25158,indisponivel,SANTA INES,MA
25179,indisponivel,CAMPINAS,SP
25185,indisponivel,GOIANIA,GO
25173,indisponivel,TRES CORACOES,MG
25191,indisponivel,PORTO ALEGRE,RS
28726,indisponivel,BALNEARIO CAMBORIU,SC
25204,indisponivel,RIO DE JANEIRO,RJ
25216,indisponivel,PORTO ALEGRE,RS
25201,indisponivel,FORTALEZA,CE
15646,indisponivel,FORTALEZA,CE
25242,indisponivel,CURITIBA,PR
25249,indisponivel,BRAGANCA PAULISTA,SP
25239,indisponivel,SAO PAULO,SP
25224,indisponivel,GARANHUNS,PE
25234,indisponivel,SAO ROQUE,SP
25283,indisponivel,CAMPESTRE,MG
25475,indisponivel,SALVADOR,BA
25257,indisponivel,SAO PAULO,SP
25282,indisponivel,ARACAJU,SE
25294,indisponivel,RIO DE JANEIRO,RJ
25307,indisponivel,RIO DE JANEIRO,RJ
25293,indisponivel,SAO PAULO,SP
25321,indisponivel,NOVA IGUACU,RJ
25347,indisponivel,PORTO SEGURO,BA
25350,indisponivel,SAO PAULO,SP
25352,indisponivel,BARUERI,SP
25344,indisponivel,RIO DE JANEIRO,RJ
25364,indisponivel,RIO DE JANEIRO,RJ
25358,indisponivel,RIO DE JANEIRO,RJ
25360,indisponivel,SAO PAULO,SP
25375,indisponivel,COLOMBO,PR
25376,indisponivel,SAO CARLOS,SP
25377,indisponivel,SAO PAULO,SP
25373,indisponivel,SAO PAULO,SP
25383,indisponivel,SAO PAULO,SP
25388,indisponivel,FRANCA,SP
25390,indisponivel,CANOAS,RS
25384,indisponivel,SAO PAULO,SP
25415,indisponivel,CAMPINAS,SP
25418,indisponivel,NOVA IGUACU,RJ
25403,indisponivel,CURITIBA,PR
25424,indisponivel,RIO DE JANEIRO,RJ
25425,indisponivel,RIO DE JANEIRO,RJ
25414,indisponivel,SALVADOR,BA
25428,indisponivel,BELO HORIZONTE,MG
28999,indisponivel,NITEROI,RJ
25437,indisponivel,RIBEIRAO PRETO,SP
25454,indisponivel,RIO DE JANEIRO,RJ
25430,indisponivel,SANTO ANDRE,SP
25458,indisponivel,BELO HORIZONTE,MG
25464,indisponivel,PETROPOLIS,RJ
25484,indisponivel,SAO PAULO,SP
25462,indisponivel,NITEROI,RJ
25489,indisponivel,SALVADOR,BA
25488,indisponivel,SAO PAULO,SP
25483,indisponivel,OURO BRANCO,MG
25502,indisponivel,SAO PAULO,SP
25503,indisponivel,SUZANO,SP
25512,indisponivel,GUARULHOS,SP
25509,indisponivel,SAO CAETANO DO SUL,SP
25510,indisponivel,PIRACICABA,SP
25476,indisponivel,NATAL,RN
25562,indisponivel,PORTO ALEGRE,RS
25572,indisponivel,SAO GONCALO,RJ
22595,indisponivel,SAO PAULO,SP
25557,indisponivel,CAMPINA VERDE,MG
23122,indisponivel,JUIZ DE FORA,MG
25602,indisponivel,CAMBORIU,SC
25595,indisponivel,FORTALEZA,CE
25589,indisponivel,SAO PAULO,SP
25610,indisponivel,MOGI DAS CRUZES,SP
25617,indisponivel,RIO DE JANEIRO,RJ
25615,indisponivel,CURITIBA,PR
25633,indisponivel,RIO DE JANEIRO,RJ
25611,indisponivel,NOVA IGUACU,RJ
24360,indisponivel,CARLOS BARBOSA,RS
26527,indisponivel,ITABUNA,BA
24685,indisponivel,RECIFE,PE
24747,indisponivel,CRICIUMA,SC
24797,indisponivel,DOURADOS,MS
24844,indisponivel,CAMPINAS,SP
24892,indisponivel,SAO PAULO,SP
24932,indisponivel,BRASILIA,DF
24991,indisponivel,OSASCO,SP
25029,indisponivel,ITAPECERICA DA SERRA,SP
25133,indisponivel,RIO DE JANEIRO,RJ
25172,indisponivel,SOROCABA,SP
25262,indisponivel,UBERLANDIA,MG
25255,indisponivel,GOIANIA,GO
25367,indisponivel,SAO JOSE DO RIO PRETO,SP
25750,indisponivel,SAO BERNARDO DO CAMPO,SP
22770,indisponivel,PRAIA GRANDE,SP
25465,indisponivel,BRASILIA,DF
22594,indisponivel,MARINGA,PR
24760,disponivel,SAO LUIS,MA
24763,indisponivel,NATAL,RN
25178,indisponivel,RIO DE JANEIRO,RJ
25394,indisponivel,BRASILIA,DF
25163,indisponivel,SERRA AZUL,SP
25628,indisponivel,CAMPINA GRANDE,PB
26077,indisponivel,SAO JOSE DOS CAMPOS,SP
23277,indisponivel,ITAPIRA,SP
25641,indisponivel,VILA VELHA,ES
25660,indisponivel,FORTALEZA,CE
25654,indisponivel,RIBEIRAO PRETO,SP
25657,indisponivel,RIO DE JANEIRO,RJ
25658,indisponivel,SARANDI,PR
25646,indisponivel,NITEROI,RJ
25609,indisponivel,PIRACICABA,SP
25652,indisponivel,SAO PAULO,SP
25690,indisponivel,SAO PAULO,SP
25680,indisponivel,RIO DO SUL,SC
25688,indisponivel,PIEDADE,SP
25667,indisponivel,FLORIANOPOLIS,SC
25677,indisponivel,JUIZ DE FORA,MG
25708,indisponivel,SOROCABA,SP
25701,indisponivel,ARARAS,SP
25726,indisponivel,SAO PAULO,SP
25730,indisponivel,BARUERI,SP
25731,indisponivel,SAO PAULO,SP
25720,indisponivel,FERRAZ DE VASCONCELOS,SP
25728,indisponivel,SAO GONCALO,RJ
25743,indisponivel,ARAPOTI,PR
25765,indisponivel,BRASILIA,DF
25767,indisponivel,BELO HORIZONTE,MG
25776,indisponivel,SAO JOSE DOS CAMPOS,SP
25777,indisponivel,PORTO ALEGRE,RS
25787,indisponivel,CAMPINAS,SP
25771,indisponivel,RIBEIRAO PIRES,SP
25798,indisponivel,NATAL,RN
25788,indisponivel,SOROCABA,SP
25827,indisponivel,CORONEL FABRICIANO,MG
25835,indisponivel,SANTA BRANCA,SP
25814,indisponivel,BELFORD ROXO,RJ
25818,indisponivel,RIO DE JANEIRO,RJ
25825,indisponivel,SAO PAULO,SP
25860,indisponivel,RIO DE JANEIRO,RJ
25865,indisponivel,SAO PAULO,SP
25851,indisponivel,RIO DE JANEIRO,RJ
25816,indisponivel,RECIFE,PE
25881,indisponivel,CABO FRIO,RJ
25833,indisponivel,SAO PAULO,SP
25862,indisponivel,BELO HORIZONTE,MG
24051,indisponivel,PORTO ALEGRE,RS
25857,indisponivel,SAO PAULO,SP
25885,indisponivel,CAMPINAS,SP
25874,indisponivel,RIO DE JANEIRO,RJ
22709,indisponivel,SAO CAETANO DO SUL,SP
25895,indisponivel,VITORIA,ES
25902,indisponivel,SAO PAULO,SP
25911,indisponivel,MONGAGUA,SP
25922,indisponivel,MANAUS,AM
25884,indisponivel,SAO PAULO,SP
25912,indisponivel,POCOS DE CALDAS,MG
25924,indisponivel,BELO HORIZONTE,MG
22949,disponivel,MANAUS,AM
25899,indisponivel,SAO PAULO,SP
25935,indisponivel,RIO DE JANEIRO,RJ
25928,indisponivel,GUARULHOS,SP
25953,indisponivel,RIO DE JANEIRO,RJ
25936,indisponivel,SAO PAULO,SP
25940,indisponivel,PIRAPETINGA,MG
25947,indisponivel,PINDAMONHANGABA,SP
25950,indisponivel,RIO DE JANEIRO,RJ
25960,indisponivel,NOVO HAMBURGO,RS
25959,indisponivel,SAO PAULO,SP
25970,indisponivel,VASSOURAS,RJ
25964,indisponivel,PARNAMIRIM,RN
26007,indisponivel,CAUCAIA,CE
26029,indisponivel,RIO DE JANEIRO,RJ
26017,indisponivel,SAO PAULO,SP
26014,indisponivel,CAMPO GRANDE,MS
24820,indisponivel,SAO PAULO,SP
26032,indisponivel,BRASILIA,DF
26037,indisponivel,POUSO ALEGRE,MG
26042,indisponivel,BELO HORIZONTE,MG
18615,indisponivel,RIO DE JANEIRO,RJ
26061,indisponivel,JUIZ DE FORA,MG
26065,indisponivel,SAO PAULO,SP
24963,indisponivel,MARINGA,PR
26082,indisponivel,OSASCO,SP
25012,indisponivel,DIVINOPOLIS,MG
26101,indisponivel,SAO PAULO,SP
26094,indisponivel,SAO PAULO,SP
25094,indisponivel,CURITIBA,PR
26070,indisponivel,RECIFE,PE
26104,indisponivel,GUARULHOS,SP
26121,indisponivel,EUNAPOLIS,BA
25145,indisponivel,MONTE AZUL PAULISTA,SP
26116,indisponivel,PARAGUACU PAULISTA,SP
26108,indisponivel,RIO DE JANEIRO,RJ
26106,indisponivel,RIBEIRAO PRETO,SP
26081,indisponivel,SAO PAULO,SP
26110,indisponivel,CAMPINAS,SP
25381,indisponivel,SAO PAULO,SP
26153,indisponivel,SAO PAULO,SP
26103,indisponivel,RESENDE COSTA,MG
26150,indisponivel,GOVERNADOR VALADARES,MG
26168,indisponivel,SANTOS,SP
26179,indisponivel,FORTALEZA,CE
26176,indisponivel,SAO LEOPOLDO,RS
26175,indisponivel,RIO DE JANEIRO,RJ
25410,indisponivel,BELO HORIZONTE,MG
26194,indisponivel,NATAL,RN
26187,indisponivel,RIO DE JANEIRO,RJ
26189,indisponivel,ITUMBIARA,GO
26191,indisponivel,BELO HORIZONTE,MG
26207,indisponivel,SOROCABA,SP
23427,indisponivel,DUQUE DE CAXIAS,RJ
26224,indisponivel,SAO PAULO,SP
26236,indisponivel,SAO PAULO,SP
26204,indisponivel,RIBEIRAO PRETO,SP
26213,indisponivel,DRACENA,SP
26218,indisponivel,JUIZ DE FORA,MG
26215,indisponivel,RECIFE,PE
26249,indisponivel,SANTOS,SP
26254,indisponivel,BELO HORIZONTE,MG
26292,indisponivel,MONTENEGRO,RS
26272,indisponivel,RIO DE JANEIRO,RJ
26286,indisponivel,SALVADOR,BA
25736,indisponivel,SANTO ANDRE,SP
26274,indisponivel,MANAUS,AM
26271,indisponivel,MERIDIANO,SP
26301,indisponivel,SAO LEOPOLDO,RS
26306,indisponivel,BELO HORIZONTE,MG
26796,indisponivel,REGISTRO,SP
26330,indisponivel,PARACAMBI,RJ
26349,indisponivel,MOSSORO,RN
26360,indisponivel,CARIACICA,ES
26388,indisponivel,BELO HORIZONTE,MG
26400,indisponivel,JAU,SP
26435,indisponivel,RIO DE JANEIRO,RJ
26430,indisponivel,SAO PAULO,SP
26132,indisponivel,SAO BERNARDO DO CAMPO,SP
26449,indisponivel,FRANCISCO BELTRAO,PR
26451,disponivel,FORTALEZA,CE
26458,indisponivel,SAO PAULO,SP
13912,indisponivel,CURITIBA,PR
26494,indisponivel,ASSIS,SP
26297,indisponivel,NITEROI,RJ
26278,indisponivel,BELEM,PA
26472,indisponivel,RIBEIRAO PRETO,SP
23461,indisponivel,MANAUS,AM
26520,indisponivel,ITABUNA,BA
26511,indisponivel,OLINDA,PE
26521,indisponivel,TRES PONTAS,MG
26502,indisponivel,FOZ DO IGUACU,PR
23538,indisponivel,PORTO ALEGRE,RS
26572,indisponivel,BRASILIA,DF
26423,indisponivel,ANTONINA,PR
26468,indisponivel,SALVADOR,BA
26595,indisponivel,PORTO ALEGRE,RS
26626,indisponivel,PORTO ALEGRE,RS
26550,indisponivel,LEME,SP
26597,indisponivel,PARNAMIRIM,RN
26655,indisponivel,BARIRI,SP
26688,indisponivel,RIO DE JANEIRO,RJ
26689,indisponivel,SAO JOSE,SC
26676,indisponivel,PARAGUACU,MG
26697,indisponivel,SERRA,ES
26729,indisponivel,FORTALEZA,CE
26717,indisponivel,OLINDA,PE
26722,indisponivel,SAO LUIS,MA
26702,indisponivel,GOIANIA,GO
26743,indisponivel,CAMPOS DOS GOYTACAZES,RJ
26751,indisponivel,CURITIBA,PR
26741,indisponivel,PORTO ALEGRE,RS
26731,indisponivel,PORTO ALEGRE,RS
26765,indisponivel,SALVADOR,BA
26775,indisponivel,VILA VELHA,ES
26787,indisponivel,BRUSQUE,SC
26792,indisponivel,SACRAMENTO,MG
26805,indisponivel,PIRACICABA,SP
26799,indisponivel,MANAUS,AM
26797,indisponivel,SAO JOSE DO RIO PRETO,SP
26806,indisponivel,PIRACICABA,SP
25564,indisponivel,BELO HORIZONTE,MG
25565,indisponivel,ITABERAI,GO
25580,indisponivel,SANTA MARIA,RS
25584,indisponivel,MORUNGABA,SP
25606,indisponivel,SANTIAGO,RS
25627,indisponivel,ARACAJU,SE
25630,indisponivel,SAO PAULO,SP
25631,indisponivel,BELO HORIZONTE,MG
25662,indisponivel,CRICIUMA,SC
25741,indisponivel,ARACAJU,SE
26819,indisponivel,RIO DE JANEIRO,RJ
26864,indisponivel,PAULISTA,PE
25675,indisponivel,SAO PAULO,SP
25748,indisponivel,SAO PAULO,SP
25992,indisponivel,NITEROI,RJ
26046,indisponivel,FORTALEZA,CE
26063,indisponivel,BELO HORIZONTE,MG
24939,indisponivel,PETROPOLIS,RJ
25048,indisponivel,ANDRADINA,SP
26140,indisponivel,RIO DE JANEIRO,RJ
26181,indisponivel,BRASILIA,DF
26185,indisponivel,RIO DE CONTAS,BA
26348,indisponivel,UNA,BA
26419,indisponivel,RIO DE JANEIRO,RJ
26456,indisponivel,VALPARAISO DE GOIAS,GO
26500,indisponivel,RIBEIRAO PRETO,SP
26807,indisponivel,PRAIA GRANDE,SP
25669,indisponivel,RIO DE JANEIRO,RJ
25664,indisponivel,SAO PAULO,SP
25729,indisponivel,SANTOS,SP
25764,indisponivel,SAO GONCALO,RJ
25961,indisponivel,SAO PAULO,SP
25978,indisponivel,SOROCABA,SP
25958,indisponivel,CURITIBA,PR
26021,indisponivel,SAO PAULO,SP
25918,indisponivel,JUNDIAI,SP
25976,indisponivel,PORTO ALEGRE,RS
26860,indisponivel,SAO PAULO,SP
26874,disponivel,ARACAJU,SE
26858,indisponivel,BETIM,MG
26879,indisponivel,TERESINA,PI
26901,indisponivel,MOSSORO,RN
26900,indisponivel,SANTALUZ,BA
26881,indisponivel,CURITIBA,PR
26866,indisponivel,RIO DE JANEIRO,RJ
22406,indisponivel,DIADEMA,SP
26965,indisponivel,ASSIS,SP
26950,indisponivel,UBERLANDIA,MG
26954,indisponivel,PIRAQUARA,PR
26955,indisponivel,RIO DE JANEIRO,RJ
26940,indisponivel,PAULINIA,SP
26985,indisponivel,TABOAO DA SERRA,SP
26994,indisponivel,TAQUARA,RS
26979,indisponivel,SAO PAULO,SP
26996,indisponivel,BRASILIA,DF
27000,indisponivel,SAO PAULO,SP
27014,indisponivel,OURO PRETO,MG
27007,indisponivel,SALVADOR,BA
27020,indisponivel,SAO JOSE DO RIO PRETO,SP
27052,indisponivel,SAO PAULO,SP
27032,indisponivel,SAO PAULO,SP
27055,indisponivel,MANAUS,AM
27027,indisponivel,SAO PAULO,SP
27047,indisponivel,MANAUS,AM
27060,indisponivel,MANAUS,AM
27099,indisponivel,LAJEADO,RS
27098,indisponivel,ITAPEMA,SC
27113,indisponivel,TAUBATE,SP
27118,indisponivel,FORTALEZA,CE
27114,indisponivel,SAO PAULO,SP
27137,indisponivel,CALDAS NOVAS,GO
27130,indisponivel,ITUMBIARA,GO
27126,indisponivel,PIRACICABA,SP
27144,indisponivel,BRASILIA,DF
27142,indisponivel,MACEIO,AL
27158,indisponivel,RECIFE,PE
27146,indisponivel,NITEROI,RJ
27152,indisponivel,LONDRINA,PR
27151,indisponivel,PORTO ALEGRE,RS
27156,indisponivel,SAO PAULO,SP
27173,indisponivel,MAUA,SP
27174,indisponivel,SAO PAULO,SP
27200,indisponivel,SAO PAULO,SP
27222,indisponivel,FOZ DO IGUACU,PR
27203,indisponivel,CACHOEIRINHA,RS
27228,indisponivel,CATALAO,GO
27211,indisponivel,ANDRADINA,SP
27204,indisponivel,PORTO ALEGRE,RS
17631,indisponivel,SERTAOZINHO,SP
27193,indisponivel,FORTALEZA,CE
27205,indisponivel,FLORIANOPOLIS,SC
27238,indisponivel,BELO HORIZONTE,MG
27243,indisponivel,RIO DE JANEIRO,RJ
27251,indisponivel,CUIABA,MT
27225,indisponivel,TELEMACO BORBA,PR
27270,indisponivel,RIO DE JANEIRO,RJ
27272,indisponivel,ITAQUAQUECETUBA,SP
27273,indisponivel,CAMPINAS,SP
27271,indisponivel,CURITIBA,PR
27285,indisponivel,SALVADOR,BA
27295,indisponivel,RECIFE,PE
27281,indisponivel,GOIANIA,GO
27306,indisponivel,VILA VELHA,ES
24189,indisponivel,NOVA IGUACU,RJ
27341,indisponivel,RECIFE,PE
27327,indisponivel,ARACAJU,SE
27321,indisponivel,ALAGOA GRANDE,PB
18597,indisponivel,BLUMENAU,SC
27349,indisponivel,MARIANA,MG
27357,indisponivel,CHARQUEADAS,RS
27359,indisponivel,RIBEIRAO PRETO,SP
27380,indisponivel,SALVADOR,BA
27376,indisponivel,CAMPO BELO DO SUL,SC
27374,indisponivel,BELO HORIZONTE,MG
27401,indisponivel,COTIA,SP
27389,indisponivel,FORTALEZA,CE
27378,indisponivel,RIO DE JANEIRO,RJ
27390,indisponivel,SALVADOR,BA
27395,indisponivel,MACAPA,AP
27404,indisponivel,SAO PAULO,SP
27419,indisponivel,BRASILIA,DF
28359,indisponivel,BOA VISTA,RR
27431,indisponivel,PORTO ALEGRE,RS
27408,indisponivel,FORTALEZA,CE
27454,indisponivel,CHARQUEADA,SP
27443,indisponivel,LAGES,SC
27438,indisponivel,NITEROI,RJ
29040,indisponivel,SAO PAULO,SP
27449,indisponivel,DATAS,MG
27474,indisponivel,SAO PAULO,SP
27472,indisponivel,DOURADOS,MS
27475,indisponivel,POMPEIA,SP
27468,indisponivel,MOGI DAS CRUZES,SP
27463,indisponivel,PAULINIA,SP
27482,indisponivel,JOAO PESSOA,PB
27493,indisponivel,SAO VICENTE,SP
27490,indisponivel,FORTALEZA,CE
27495,indisponivel,DIVINOPOLIS,MG
27508,indisponivel,SAO JOSE,SC
27494,indisponivel,PAULISTA,PE
27528,indisponivel,SALVADOR,BA
27538,indisponivel,TAUBATE,SP
27543,indisponivel,MANAUS,AM
27569,indisponivel,CURITIBA,PR
24391,indisponivel,CAMPOS DOS GOYTACAZES,RJ
27573,indisponivel,CURITIBA,PR
27564,indisponivel,BELO HORIZONTE,MG
24422,indisponivel,CAPAO BONITO,SP
27578,indisponivel,NITEROI,RJ
27557,indisponivel,NATAL,RN
27547,indisponivel,RIO DAS OSTRAS,RJ
27580,indisponivel,TRES CORACOES,MG
27572,indisponivel,PARNAMIRIM,RN
28788,indisponivel,RIO DE JANEIRO,RJ
27600,indisponivel,RIO DE JANEIRO,RJ
27603,indisponivel,CANOAS,RS
27602,indisponivel,SAO JOSE DO RIO PRETO,SP
27583,indisponivel,SALVADOR,BA
27605,indisponivel,SAO PAULO,SP
27592,indisponivel,MARICA,RJ
27601,indisponivel,UBERLANDIA,MG
27611,indisponivel,RIO DE JANEIRO,RJ
27624,indisponivel,LIMEIRA,SP
27612,indisponivel,MARINGA,PR
27618,indisponivel,RIO DE JANEIRO,RJ
24443,indisponivel,RIO DE JANEIRO,RJ
27613,indisponivel,SALVADOR,BA
27614,indisponivel,FLORIANOPOLIS,SC
27661,indisponivel,REALEZA,PR
27669,indisponivel,JUNDIAI,SP
27653,indisponivel,PORTO ALEGRE,RS
27662,indisponivel,SARANDI,RS
27674,indisponivel,SAO PAULO,SP
27675,indisponivel,SAO PAULO,SP
27683,indisponivel,SAO PAULO,SP
27667,indisponivel,RIO VERDE,GO
27663,indisponivel,SAO PAULO,SP
27681,indisponivel,VARZEA GRANDE,MT
27704,indisponivel,SAO PAULO,SP
27721,indisponivel,CRUZ ALTA,RS
27701,indisponivel,CABO FRIO,RJ
27699,indisponivel,FEIRA DE SANTANA,BA
27716,indisponivel,SAO PAULO,SP
27725,indisponivel,OSASCO,SP
27710,indisponivel,CAMACARI,BA
27696,indisponivel,SAO PAULO,SP
27700,indisponivel,LINS,SP
27712,indisponivel,RIO DE JANEIRO,RJ
28473,indisponivel,NATAL,RN
27719,indisponivel,LONDRINA,PR
27733,indisponivel,DORANDIA,RJ
27745,indisponivel,JUNDIAI,SP
27739,indisponivel,SALVADOR,BA
27740,indisponivel,SAO PAULO,SP
27742,indisponivel,RIO DE JANEIRO,RJ
27753,indisponivel,BELO HORIZONTE,MG
27755,indisponivel,FORTALEZA,CE
27768,indisponivel,NOVA PONTE,MG
27758,indisponivel,RIO DE JANEIRO,RJ
27773,indisponivel,RECIFE,PE
27756,indisponivel,RIO DE JANEIRO,RJ
27794,indisponivel,RIO DE JANEIRO,RJ
27785,indisponivel,PELOTAS,RS
27797,indisponivel,FEIRA DE SANTANA,BA
27799,indisponivel,ARARUAMA,RJ
24643,indisponivel,RIO DE JANEIRO,RJ
27840,indisponivel,SAO PAULO,SP
27845,indisponivel,SIRINHAEM,PE
26682,indisponivel,CRUZ ALTA,RS
25357,indisponivel,RIO DE JANEIRO,RJ
27355,indisponivel,ITABUNA,BA
16456,indisponivel,BELO HORIZONTE,MG
17576,indisponivel,SAO PAULO,SP
23926,indisponivel,ILHEUS,BA
17623,indisponivel,CANAVIEIRAS,BA
22646,indisponivel,GOIANIA,GO
24250,indisponivel,CURITIBA,PR
26542,indisponivel,NITEROI,RJ
25449,indisponivel,POCOS DE CALDAS,MG
15657,indisponivel,RIO DE JANEIRO,RJ
15658,indisponivel,NOVO HAMBURGO,RS
27584,indisponivel,RIO DE JANEIRO,RJ
15624,indisponivel,FEIRA DE SANTANA,BA
27765,indisponivel,RIO DE JANEIRO,RJ
24729,indisponivel,BELEM,PA
15674,indisponivel,RIO DE JANEIRO,RJ
15697,indisponivel,NILOPOLIS,RJ
15723,indisponivel,BONFIM,MG
15728,indisponivel,FORTALEZA,CE
15765,indisponivel,SAO PAULO,SP
15813,indisponivel,BRASILIA,DF
15894,indisponivel,JARAGUA DO SUL,SC
16132,indisponivel,SAO PAULO,SP
16125,indisponivel,SAO JOSE DOS CAMPOS,SP
16745,indisponivel,RECIFE,PE
16773,indisponivel,SAO PAULO,SP
19791,indisponivel,MESQUITA,RJ
17368,indisponivel,RIO DE JANEIRO,RJ
18077,indisponivel,CORNELIO PROCOPIO,PR
18976,indisponivel,SANTO ANDRE,SP
19603,indisponivel,RIO DE JANEIRO,RJ
24769,indisponivel,QUIPAPA,PE
17041,indisponivel,SAO PAULO,SP
23478,indisponivel,SALVADOR,BA
21443,indisponivel,BRASILIA,DF
21672,indisponivel,BRASILIA,DF
21883,indisponivel,SOROCABA,SP
22639,indisponivel,VILA VELHA,ES
22715,indisponivel,SAO PAULO,SP
22752,indisponivel,BELO HORIZONTE,MG
23190,indisponivel,PERUIBE,SP
23294,indisponivel,ATIBAIA,SP
24128,indisponivel,GOIANIA,GO
24155,indisponivel,SALVADOR,BA
22500,indisponivel,AMERICANA,SP
24177,indisponivel,SANTO ANDRE,SP
24665,indisponivel,BELO HORIZONTE,MG
24732,indisponivel,PETROLINA,PE
24739,indisponivel,SANTOS,SP
24845,indisponivel,BRASILIA,DF
24846,indisponivel,SAO JOSE DO RIO PARDO,SP
24893,indisponivel,ARMACAO DOS BUZIOS,RJ
24897,indisponivel,SALVADOR,BA
24985,indisponivel,DIVINOPOLIS,MG
24907,indisponivel,CAXIAS DO SUL,RS
24992,indisponivel,SAO PAULO,SP
25038,indisponivel,VITORIA,ES
25055,indisponivel,MOGI DAS CRUZES,SP
25058,indisponivel,MOGI DAS CRUZES,SP
25134,indisponivel,FORTALEZA,CE
25146,indisponivel,SAO JOSE DOS PINHAIS,PR
25061,indisponivel,JOINVILLE,SC
25002,indisponivel,UMUARAMA,PR
25170,indisponivel,SAO PAULO,SP
25194,indisponivel,RIO DE JANEIRO,RJ
25215,indisponivel,CURITIBA,PR
25230,indisponivel,AMERICANA,SP
25244,indisponivel,MESQUITA,RJ
25269,indisponivel,RIO DE JANEIRO,RJ
25279,indisponivel,BELO HORIZONTE,MG
25280,indisponivel,RIBEIRAO PIRES,SP
25302,indisponivel,RIO DE JANEIRO,RJ
25309,indisponivel,RECIFE,PE
25315,indisponivel,BRASILIA,DF
20621,indisponivel,CUIABA,MT
25396,indisponivel,RECIFE,PE
25445,indisponivel,SAO JOSE DO RIO PRETO,SP
25448,indisponivel,PRAIA GRANDE,SP
25459,indisponivel,SAO PAULO,SP
25744,indisponivel,SAO PAULO,SP
25793,indisponivel,SAO PAULO,SP
25794,indisponivel,SAO BERNARDO DO CAMPO,SP
25805,indisponivel,NOVA IGUACU,RJ
25830,indisponivel,RIO DE JANEIRO,RJ
25845,indisponivel,SAO PAULO,SP
25863,indisponivel,CAMPINAS,SP
25878,indisponivel,SAO PAULO,SP
25917,indisponivel,SAO PAULO,SP
25919,indisponivel,SOROCABA,SP
25957,indisponivel,SAO PAULO,SP
25967,indisponivel,RIO DE JANEIRO,RJ
25979,indisponivel,SAO PAULO,SP
25997,indisponivel,TAUBATE,SP
26059,indisponivel,ARARUAMA,RJ
26064,indisponivel,SANTOS,SP
26091,indisponivel,CAXIAS DO SUL,RS
26090,indisponivel,LIMEIRA,SP
26947,indisponivel,SAO PAULO,SP
27121,indisponivel,PORTO SEGURO,BA
27148,indisponivel,RECIFE,PE
27169,indisponivel,SANTANA,AP
27190,indisponivel,GOIANIA,GO
27232,indisponivel,CRICIUMA,SC
27362,indisponivel,SAO PAULO,SP
27544,disponivel,PORTO ALEGRE,RS
27639,indisponivel,RIO BONITO,RJ
27631,indisponivel,PORTO ALEGRE,RS
27684,indisponivel,BELO HORIZONTE,MG
27687,indisponivel,PELOTAS,RS
23572,indisponivel,CURITIBA,PR
27691,indisponivel,CIDADE OCIDENTAL,GO
27709,indisponivel,PAULINIA,SP
27847,indisponivel,FEIRA DE SANTANA,BA
22931,indisponivel,ITABUNA,BA
27628,indisponivel,CURITIBA,PR
15725,indisponivel,TEIXEIRA DE FREITAS,BA
18242,indisponivel,FORTALEZA,CE
24787,indisponivel,QUATA,SP
24811,indisponivel,CURITIBANOS,SC
24502,indisponivel,ITAPOA,SC
24953,indisponivel,JABOATAO DOS GUARARAPES,PE
28800,indisponivel,BRASILIA,DF
25207,indisponivel,SAO PAULO,SP
25431,indisponivel,SAO PAULO,SP
26109,indisponivel,RIO BONITO,RJ
27035,indisponivel,NATAL,RN
27059,indisponivel,SAO PAULO,SP
27101,indisponivel,CAJAMAR,SP
27315,indisponivel,MUQUI,ES
27398,indisponivel,RIO DE JANEIRO,RJ
27296,indisponivel,FORTALEZA,CE
24915,indisponivel,CAMARAGIBE,PE
25429,indisponivel,RIO DE JANEIRO,RJ
27396,disponivel,MACEIO,AL
27196,indisponivel,PORTO ALEGRE,RS
26206,indisponivel,PALMA SOLA,SC
26255,indisponivel,MAGE,RJ
26298,indisponivel,NITEROI,RJ
26332,indisponivel,SANTOS,SP
26440,indisponivel,CURITIBA,PR
26651,indisponivel,AGUAS DE SANTA BARBARA,SP
26718,indisponivel,SAO CARLOS,SP
26946,indisponivel,SALVADOR,BA
26978,indisponivel,TRES RIOS,RJ
25065,indisponivel,DUQUE DE CAXIAS,RJ
26714,indisponivel,RIO DE JANEIRO,RJ
27013,indisponivel,SAPUCAIA DO SUL,RS
27263,indisponivel,SAO PAULO,SP
27088,indisponivel,SALVADOR,BA
27157,indisponivel,ARCOS,MG
27290,indisponivel,ABREU E LIMA,PE
27316,indisponivel,SAO PAULO,SP
27330,indisponivel,SANTO ANDRE,SP
27370,indisponivel,SAO PAULO,SP
27473,indisponivel,ARACAJU,SE
27478,indisponivel,SAO PAULO,SP
27529,indisponivel,CAXIAS DO SUL,RS
27587,indisponivel,CURITIBA,PR
25113,indisponivel,RIO DE JANEIRO,RJ
27688,indisponivel,CAMPOS DOS GOYTACAZES,RJ
27726,indisponivel,SAO PAULO,SP
27798,indisponivel,SAO PAULO,SP
27458,indisponivel,OSASCO,SP
20454,indisponivel,BLUMENAU,SC
20684,indisponivel,CURITIBA,PR
25076,indisponivel,DUQUE DE CAXIAS,RJ
23013,indisponivel,SAO BERNARDO DO CAMPO,SP
25127,indisponivel,RIO DE JANEIRO,RJ
23564,indisponivel,SAO PAULO,SP
17315,indisponivel,BELEM,PA
25184,indisponivel,RECIFE,PE
29080,indisponivel,CARMO,RJ
25155,indisponivel,JUNDIAI,SP
25193,indisponivel,SAO PAULO,SP
28809,indisponivel,GUARULHOS,SP
26033,indisponivel,BELEM,PA
25200,indisponivel,SALVADOR,BA
25789,indisponivel,BARUERI,SP
16591,indisponivel,FLORIANOPOLIS,SC
26849,indisponivel,SAO PAULO,SP
17120,indisponivel,SOBRAL,CE
16712,indisponivel,SAO JOSE DOS CAMPOS,SP
16841,indisponivel,FORTALEZA,CE
23256,indisponivel,SANTO ANDRE,SP
19726,indisponivel,RIO DE JANEIRO,RJ
20744,indisponivel,SAO LOURENCO DA MATA,PE
27209,indisponivel,CURITIBA,PR
22569,indisponivel,RECIFE,PE
16178,indisponivel,ITANHAEM,SP
26758,disponivel,CAMPINA GRANDE,PB
15698,indisponivel,SAO JOAO DEL-REI,MG
23507,indisponivel,MACAE,RJ
23475,indisponivel,EMBU DAS ARTES,SP
21434,indisponivel,SANTA RITA DO PASSA QUATRO,SP
17373,indisponivel,GOIANIA,GO
26839,indisponivel,PETROLINA,PE
25528,indisponivel,RIO DE JANEIRO,RJ
14930,indisponivel,CARUARU,PE
26097,indisponivel,FERRAZ DE VASCONCELOS,SP
21660,indisponivel,SAO PAULO,SP
20605,indisponivel,RIO DE JANEIRO,RJ
27356,indisponivel,RIO DE JANEIRO,RJ
15493,indisponivel,CURITIBA,PR
25910,indisponivel,ATIBAIA,SP
23981,indisponivel,RIO DE JANEIRO,RJ
26642,indisponivel,GUARATINGUETA,SP
25322,disponivel,PELOTAS,RS
16124,indisponivel,SAO PAULO,SP
27647,indisponivel,ATIBAIA,SP
25908,indisponivel,BLUMENAU,SC
15816,indisponivel,RIO DE JANEIRO,RJ
17152,indisponivel,FORTALEZA,CE
28813,indisponivel,OLINDA,PE
25348,indisponivel,VARGINHA,MG
25374,indisponivel,SALVADOR,BA
25401,indisponivel,CURITIBA,PR
25447,indisponivel,VALINHOS,SP
25453,indisponivel,POCOS DE CALDAS,MG
15591,indisponivel,RIO DE JANEIRO,RJ
15602,indisponivel,BLUMENAU,SC
15603,indisponivel,SALVADOR,BA
15625,indisponivel,JUIZ DE FORA,MG
15633,indisponivel,PLACAS,PA
25770,indisponivel,RIO DE JANEIRO,RJ
23875,indisponivel,MURIAE,MG
15782,indisponivel,PIRAI DO SUL,PR
18215,indisponivel,CABO FRIO,RJ
25513,indisponivel,SUMARE,SP
25486,indisponivel,NATAL,RN
28819,indisponivel,SALVADOR,BA
25523,indisponivel,CURITIBA,PR
15605,indisponivel,BELO HORIZONTE,MG
25521,indisponivel,ITATIAIA,RJ
25529,indisponivel,RIO DE JANEIRO,RJ
29088,indisponivel,FORTALEZA,CE
22524,indisponivel,BELO HORIZONTE,MG
25574,indisponivel,RIO DE JANEIRO,RJ
16532,indisponivel,PORTO SEGURO,BA
17805,indisponivel,RECIFE,PE
17831,indisponivel,RESENDE,RJ
25604,indisponivel,RIO DE JANEIRO,RJ
25636,indisponivel,GUARUJA,SP
17966,indisponivel,RIO DE JANEIRO,RJ
25656,indisponivel,SAO PAULO,SP
25663,indisponivel,FLORIANOPOLIS,SC
18383,indisponivel,SAO PAULO ,SP
15563,indisponivel,TERESINA,PI
15653,indisponivel,FORTALEZA,CE
25683,indisponivel,SAO PAULO,SP
25699,indisponivel,PORTO ALEGRE,RS
25745,indisponivel,RIO DE JANEIRO,RJ
25735,indisponivel,VITORIA,ES
17398,indisponivel,SAO LOURENCO,MG
16554,indisponivel,MOSSORO,MA
25752,indisponivel,RIO DE JANEIRO,RJ
15760,indisponivel,SAO PAULO,SP
15833,indisponivel,ITAPETININGA,SP
17457,indisponivel,SAO PAULO,SP
17552,indisponivel,ARGOIM,BA
18312,indisponivel,GRAVATA,PE
18887,indisponivel,VITORIA,ES
22410,indisponivel,TRES DE MAIO,RS
22630,indisponivel,SAO PAULO,SP
23823,indisponivel,PASSO FUNDO,RS
25821,indisponivel,BRASILIA,DF
23917,indisponivel,BELO HORIZONTE,MG
25817,indisponivel,SAO FRANCISCO DE ASSIS,RS
24871,indisponivel,SAO PAULO,SP
24664,indisponivel,JOINVILLE,SC
24773,indisponivel,CURITIBA,PR
24821,indisponivel,SAO PAULO,SP
24900,indisponivel,BRASILIA,DF
24946,indisponivel,SAO PAULO,SP
24950,indisponivel,CARIACICA,ES
25838,indisponivel,SAO PAULO,SP
25018,indisponivel,SUZANO,SP
25045,indisponivel,SAO PAULO,SP
25093,indisponivel,GOIANIA,GO
25097,indisponivel,BELO HORIZONTE,MG
25101,indisponivel,RIO DE JANEIRO,RJ
25151,indisponivel,POCOS DE CALDAS,MG
25154,indisponivel,NOVA FRIBURGO,RJ
25180,indisponivel,SAO MIGUEL DO OESTE,SC
25281,indisponivel,BELO HORIZONTE,MG
25370,indisponivel,RIO DE JANEIRO,RJ
25539,indisponivel,BELO HORIZONTE,MG
15755,indisponivel,CAMPINAS,SP
25566,indisponivel,AGUA BOA,MG
25568,indisponivel,SAO PAULO,SP
25570,indisponivel,RIO DE JANEIRO,RJ
25592,indisponivel,GOIANIA,GO
25629,indisponivel,TRES RIOS,RJ
25651,indisponivel,CURITIBA,PR
25653,indisponivel,MAUA,SP
25719,indisponivel,SOBRADINHO,RS
25980,indisponivel,SAO PAULO,SP
25981,indisponivel,NOVA AMERICA,GO
25993,indisponivel,SAO PAULO,SP
26004,indisponivel,SAO PAULO,SP
26221,indisponivel,GOIANIA,GO
26285,indisponivel,ALM. TAMANDARE,PR
26374,indisponivel,SAO PAULO,SP
25137,indisponivel,VITORIA,ES
26183,indisponivel,SAO PAULO,SP
25948,indisponivel,QUIXERAMOBIM,CE
26525,indisponivel,PRAIA GRANDE,SP
26526,indisponivel,FLORIANOPOLIS,SC
26620,indisponivel,SALVADOR,BA
27025,indisponivel,SANTO AMARO,BA
27690,indisponivel,RIO DE JANEIRO,RJ
25977,indisponivel,RIO DE JANEIRO,RJ
25956,indisponivel,ITAMARAJU,BA
25951,indisponivel,NOVA IGUACU,RJ
26041,indisponivel,RIBEIRAO PRETO,SP
28833,indisponivel,CAMPINAS,SP
28530,indisponivel,SAO LOURENCO DA MATA,PE
20016,indisponivel,IBITINGA,SP
19755,indisponivel,CAMPO GRANDE,MS
26163,indisponivel,JUNDIAI,SP
20968,indisponivel,ANANINDEUA,PA
26240,indisponivel,SAO PAULO,SP
27105,indisponivel,CAMPINAS,SP
27134,indisponivel,SANTA TEREZINHA DE ITAIPU,PR
27223,indisponivel,VITORIA,ES
27244,indisponivel,DIADEMA,SP
27294,indisponivel,SANTANA DE PARNAIBA,SP
27160,indisponivel,ITAPETININGA,SP
17204,indisponivel,RIO DE JANEIRO,RJ
20457,indisponivel,FEIRA DE SANTANA,BA
20129,indisponivel,RIO DE JANEIRO,RJ
21125,indisponivel,VARGINHA,MG
25504,indisponivel,JUNDIAI,SP
25545,indisponivel,RIO DE JANEIRO,RJ
25603,indisponivel,APARECIDA DE GOIANIA,GO
25687,indisponivel,SAO PAULO,SP
25969,indisponivel,NOVA FRIBURGO,RJ
25897,indisponivel,LIMEIRA,SP
25995,indisponivel,PORTO ALEGRE,RS
26193,indisponivel,MOGI DAS CRUZES,SP
26211,indisponivel,DUQUE DE CAXIAS,RJ
26080,indisponivel,PIRAJU,SP
18306,indisponivel,MANAUS,AM
25491,indisponivel,RIO DE JANEIRO,RJ
25991,indisponivel,RIO DE JANEIRO,RJ
26035,indisponivel,SAO PAULO,SP
26986,indisponivel,TIMOTEO,MG
26825,indisponivel,SANTOS,SP
26265,indisponivel,SAO PAULO,SP
21666,indisponivel,ITABIRA,MG
21671,indisponivel,OLINDA,PE
25763,indisponivel,SAO PAULO,SP
26341,indisponivel,RIO DE JANEIRO,RJ
22751,indisponivel,PALMAS,TO
26431,indisponivel,PEDREIRA,SP
23621,indisponivel,RIO DE JANEIRO,RJ
23725,indisponivel,BRASILIA,DF
15781,indisponivel,BETIM,MG
24246,indisponivel,IGUATU,CE
26495,indisponivel,BRASILIA,DF
24265,indisponivel,JUIZ DE FORA,MG
25236,indisponivel,ESPERA FELIZ,MG
26540,indisponivel,MACEIO,AL
26266,indisponivel,RIO DE JANEIRO,RJ
26425,indisponivel,SAO LUIS,MA
26450,indisponivel,CERES,GO
27138,indisponivel,AGUAS LINDAS DE GOIAS,GO
26895,indisponivel,VITORIA DA CONQUISTA,BA
27019,indisponivel,PARAGUACU PAULISTA,SP
27021,indisponivel,BARRO ALTO,BA
27081,indisponivel,UBERLANDIA,MG
27167,indisponivel,FORTALEZA,CE
27417,indisponivel,SANTO ANTONIO DE PADUA,RJ
27480,indisponivel,GOIANIA,GO
27608,indisponivel,FRANCA,SP
27836,indisponivel,IRECE,BA
27839,indisponivel,SALVADOR,BA
29594,indisponivel,SAO CAETANO DO SUL,SP
28964,indisponivel,CABO FRIO,RJ
29727,indisponivel,BRASILIA,DF
29628,indisponivel,PEDRO LEOPOLDO,MG
25340,indisponivel,JUIZ DE FORA,MG
25248,indisponivel,SAO PAULO,SP
27638,indisponivel,SAO PAULO,SP
29629,indisponivel,BELEM,PA
17507,indisponivel,CURITIBA,PR
16656,indisponivel,SANTOS,SP
28853,indisponivel,RESENDE,RJ
25130,indisponivel,MIRANDOPOLIS,SP
30521,indisponivel,SANTA ISABEL,SP
17411,indisponivel,FOZ DO IGUACU,PR
28674,indisponivel,MARINGA,PR
24990,indisponivel,COLOMBO,PR
24631,indisponivel,SAO JOSE DOS PINHAIS,PR
25498,indisponivel,SAO PAULO,SP
29195,indisponivel,APIUNA,SC
26883,indisponivel,JOAO PESSOA,PB
30524,indisponivel,MANAUS,AM
22718,indisponivel,SAO PAULO,SP
26927,indisponivel,VISCONDE DO RIO BRANCO,MG
30155,indisponivel,SAO PAULO,SP
24948,indisponivel,SAO JOSE DO RIO PRETO,SP
30526,indisponivel,SERRA,ES
29633,indisponivel,MAUA,SP
31014,indisponivel,EMBU-GUACU,SP
24686,indisponivel,SANTOS DUMONT,MG
31253,indisponivel,NOVO HAMBURGO,RS
25888,disponivel,BELEM,PA
29008,indisponivel,SAO PAULO,SP
29278,indisponivel,OURO BRANCO,MG
29234,indisponivel,ANANAS,TO
27062,indisponivel,SAO VICENTE,SP
27054,indisponivel,CURITIBA,PR
27277,indisponivel,SAO PAULO,SP
24884,indisponivel,LIMEIRA,SP
26455,indisponivel,BRASILIA,DF
26683,indisponivel,NOVA VENECIA,ES
25949,indisponivel,BARBACENA,MG
24287,indisponivel,INTERNACIONAL,INT
28718,indisponivel,BRASILIA,DF
27124,indisponivel,BELEM,PA
25226,indisponivel,ARAPOTI,PR
29402,indisponivel,ARACAJU,SE
18012,indisponivel,CURITIBA,PR
15631,indisponivel,ILHEUS,BA
25828,indisponivel,PONTA GROSSA,PR
24804,indisponivel,CURITIBA,PR
28732,indisponivel,CAMPINAS,SP
23630,indisponivel,CACHOEIRINHA,RS
27216,indisponivel,BETIM,MG
27212,indisponivel,JOAO PESSOA,PB
28742,indisponivel,BALNEARIO CAMBORIU,SC
27282,disponivel,FLORESTA,PE
27283,indisponivel,BELO HORIZONTE,MG
27274,indisponivel,CURITIBA,PR
26071,indisponivel,ARAXA,MG
27289,indisponivel,MACEIO,AL
29039,indisponivel,BARRA DO PIRAI,RJ
19379,indisponivel,CURITIBA,PR
20553,indisponivel,JUIZ DE FORA,MG
29042,indisponivel,SAO PAULO,SP
16364,indisponivel,BELO HORIZONTE,MG
28692,indisponivel,TERESOPOLIS,RJ
27514,indisponivel,NOVA LIMA,MG
27509,indisponivel,RECIFE,PE
27539,indisponivel,BRASILIA,DF
29365,indisponivel,DIVINOPOLIS,MG
15415,indisponivel,PORTO NACIONAL,TO
27574,indisponivel,BRASILIA DE MINAS,MG
27566,indisponivel,SAO PAULO,SP
22529,indisponivel,MATIPO,MG
27590,indisponivel,PORTO ALEGRE,RS
27606,indisponivel,FORTALEZA,CE
20842,indisponivel,PERDIGAO,MG
27336,indisponivel,RECIFE,PE
27585,indisponivel,ARACATI,CE
21421,indisponivel,SAO PAULO,SP
27630,indisponivel,DIVINOPOLIS,MG
28772,indisponivel,SAO CAETANO DO SUL,SP
27642,indisponivel,VITORIA,ES
26269,indisponivel,SAO JOSE DO RIO PARDO,SP
27672,indisponivel,CAMPO LIMPO PAULISTA,SP
27685,indisponivel,RIO DE JANEIRO,RJ
28879,indisponivel,SAO CAETANO DO SUL,SP
27693,disponivel,FORTALEZA,CE
25043,indisponivel,SAO PAULO,SP
28776,indisponivel,INHUMAS,GO
27694,indisponivel,BRASILIA,DF
27722,indisponivel,SANTA MARIA,RS
27730,indisponivel,BELO HORIZONTE,MG
27772,indisponivel,RECIFE,PE
27775,indisponivel,CAMPINAS,SP
27787,indisponivel,MACEIO,AL
27871,indisponivel,SAO PAULO,SP
28604,indisponivel,FORTALEZA,CE
27886,indisponivel,PONTA GROSSA,PR
27916,disponivel,BELEM,PA
27909,indisponivel,SAO PAULO,SP
27900,indisponivel,CAMPINAS,SP
27976,indisponivel,SAO PAULO,SP
27977,indisponivel,RECIFE,PE
26380,indisponivel,SAO PAULO,SP
27991,indisponivel,NATAL,RN
22560,indisponivel,PIRACICABA,SP
28113,indisponivel,SAO PAULO,SP
21604,indisponivel,FRANCISCO BELTRAO,PR
26277,indisponivel,CAMPINAS,SP
22239,indisponivel,SAO BERNARDO DO CAMPO,SP
26365,disponivel,PARAIPABA,CE
26519,indisponivel,JUIZ DE FORA,MG
26691,indisponivel,SAO CARLOS,SP
27388,indisponivel,SAO CAETANO DO SUL,SP
26089,indisponivel,PROPRIA,SE
23129,indisponivel,SAO PAULO,SP
26573,indisponivel,UBERLANDIA,MG
26105,indisponivel,BUERAREMA,BA
28814,indisponivel,BELO HORIZONTE,MG
27071,indisponivel,FORTALEZA,CE
28862,indisponivel,SAO GONCALO,RJ
27115,indisponivel,GOIANIA,GO
25740,indisponivel,SAO JOSE,SC
27186,indisponivel,PACATUBA,CE
27506,indisponivel,SANTAREM,PA
22825,indisponivel,CONTAGEM,MG
24234,indisponivel,BRASILIA,DF
27774,indisponivel,VOLTA REDONDA,RJ
27527,indisponivel,MANAUS,AM
27723,indisponivel,SAO BERNARDO DO CAMPO,SP
25621,indisponivel,NOVA VENECIA,ES
26319,indisponivel,SAO PAULO,SP
28797,indisponivel,JOINVILLE,SC
27975,indisponivel,IGARACU DO TIETE,SP
23629,indisponivel,IGARATINGA,MG
20189,indisponivel,SALVADOR,BA
27394,indisponivel,SANTOS,SP
15801,indisponivel,ARAGUARI,MG
25260,indisponivel,FORTALEZA,CE
22795,indisponivel,LONDRINA,PR
28832,indisponivel,SAO PAULO,SP
22514,indisponivel,VIDEIRA,SC
25493,indisponivel,ARMACAO DOS BUZIOS,RJ
27024,indisponivel,DIAMANTINA,MG
27727,indisponivel,TIBAU DO SUL,RN
28816,indisponivel,SAO PAULO,SP
18294,indisponivel,RIO DE JANEIRO,RJ
27586,indisponivel,PORTO ALEGRE,RS
28822,indisponivel,BOM SUCESSO,MG
25211,indisponivel,RIO DE JANEIRO,RJ
24795,indisponivel,PRAIA GRANDE,SP
28711,indisponivel,FORTALEZA,CE
25482,indisponivel,CARRANCAS,MG
25514,indisponivel,SOROCABA,SP
25522,indisponivel,GRAMADO,RS
25540,indisponivel,SALVADOR,BA
26764,disponivel,ARACAJU,SE
25328,indisponivel,VOLTA REDONDA,RJ
28837,indisponivel,SAO PAULO,SP
26441,indisponivel,BRASILIA,DF
26073,indisponivel,SAO PAULO,SP
29399,indisponivel,CAMPINA GRANDE,PB
24168,indisponivel,CORONEL FABRICIANO,MG
26438,indisponivel,MAIRIPORA,SP
25067,indisponivel,LONDRINA,PR
25524,indisponivel,BELO HORIZONTE,MG
27006,indisponivel,JUNDIAI,SP
19609,indisponivel,BARRA DO PIRAI,RJ
26932,indisponivel,PONTE NOVA,MG
27841,indisponivel,PONTA GROSSA,PR
27625,indisponivel,GOIANIA,GO
27851,indisponivel,CURITIBA,PR
21132,disponivel,SANTAREM,PA
22072,indisponivel,VITORIA,ES
15990,indisponivel,RIO DE JANEIRO,RJ
24885,disponivel,SALVADOR,BA
27159,indisponivel,VARGINHA,MG
16381,indisponivel,ITABUNA,BA
27972,indisponivel,UBERLANDIA,MG
27757,indisponivel,OSASCO,SP
28146,indisponivel,VILA VELHA,ES
27720,indisponivel,GOIANIA,GO
27623,indisponivel,RIO DE JANEIRO,RJ
17763,indisponivel,CURITIBA,PR
27993,indisponivel,BELO HORIZONTE,MG
27178,indisponivel,PORTO ALEGRE,RS
16601,indisponivel,PORTO ALEGRE,RS
24982,indisponivel,FLORIANOPOLIS,SC
15832,indisponivel,LONDRINA,PR
22637,indisponivel,LONDRINA,PR
23542,indisponivel,CURITIBA,PR
21272,indisponivel,SAO PAULO,SP
16785,indisponivel,SAO PAULO,SP
27705,indisponivel,CAJAZEIRAS,PB
27969,indisponivel,CURITIBA,PR
28078,indisponivel,SAO PAULO,SP
27778,indisponivel,CRICIUMA,SC
27286,indisponivel,FORTALEZA,CE
20317,indisponivel,BRASILIA,DF
27922,indisponivel,UBERLANDIA,MG
24182,indisponivel,FEIRA DE SANTANA,BA
27937,indisponivel,SAO GONCALO,RJ
29136,indisponivel,GUARULHOS,SP
17249,indisponivel,SAO PAULO,SP
17573,indisponivel,PORTO ALEGRE,RS
16198,indisponivel,JOAO MONLEVADE,MG
26800,indisponivel,VITORIA,ES
16336,indisponivel,SALVADOR,BA
17518,indisponivel,BRASILIA,DF
24681,indisponivel,INAJA,PR
24589,indisponivel,SAO PAULO,SP
29287,indisponivel,CURITIBA,PR
27342,indisponivel,BOA VISTA,RR
28241,indisponivel,SALVADOR,BA
15411,indisponivel,JOAO PESSOA,PB
30211,indisponivel,SAO PAULO,SP
22191,indisponivel,BRASILIA,DF
27838,indisponivel,GUARAPUAVA,PR
30216,indisponivel,ANCHIETA,ES
28264,indisponivel,FORTALEZA,CE
28170,indisponivel,DIVINOPOLIS,MG
28190,indisponivel,SAO PAULO,SP
28299,indisponivel,RIO DE JANEIRO,RJ
28298,indisponivel,SAO PAULO,SP
28293,indisponivel,RIO DE JANEIRO,RJ
28280,indisponivel,JOAO PESSOA,PB
28200,indisponivel,PAULINIA,SP
19393,indisponivel,RIO GRANDE,RS
28317,indisponivel,NOVA IGUACU,RJ
24127,indisponivel,CASCAVEL,PR
28224,indisponivel,BRASILIA,DF
25915,indisponivel,RIO DE JANEIRO,RJ
18523,indisponivel,SAO PAULO,SP
22302,indisponivel,SANTO ANDRE,SP
28261,indisponivel,RIO DE JANEIRO,RJ
14964,indisponivel,BELO HORIZONTE,MG
25822,indisponivel,SAO PAULO,SP
17572,indisponivel,SALVADOR,BA
21587,indisponivel,BELO HORIZONTE,MG
24094,indisponivel,RECIFE,PE
18839,indisponivel,MOGI DAS CRUZES,SP
24957,indisponivel,RIO DO SUL,SC
26084,indisponivel,GUARULHOS,SP
26917,indisponivel,SALVADOR,BA
28393,indisponivel,TRES DE MAIO,RS
17272,indisponivel,FREDERICO WESTPHALEN,RS
28355,indisponivel,NITEROI,RJ
28356,indisponivel,RIO DE JANEIRO,RJ
18286,indisponivel,SAO PAULO,SP
16954,indisponivel,RIO DE JANEIRO,RJ
28415,indisponivel,BALNEARIO CAMBORIU,SC
29147,indisponivel,RIO DE JANEIRO,RJ
23698,indisponivel,FLORIANOPOLIS,SC
29084,indisponivel,DOURADOS,MS
27686,indisponivel,BARUERI,SP
21294,indisponivel,BRASILIA,DF
26280,indisponivel,RIO DE JANEIRO,RJ
27912,indisponivel,MARECHAL CANDIDO RONDON,PR
27597,indisponivel,RIO DE JANEIRO,RJ
26114,indisponivel,MONTANHA,ES
22538,indisponivel,CONCHAL,SP
25195,indisponivel,SAO PAULO,SP
17113,indisponivel,LORENA,SP
18076,indisponivel,MATAO,SP
28469,indisponivel,IMPERATRIZ,MA
28003,indisponivel,SAO PAULO,SP
27309,indisponivel,SALVADOR,BA
26749,indisponivel,SAO CAETANO DO SUL,SP
28471,indisponivel,CURITIBA,PR
28460,indisponivel,SAO PAULO,SP
27549,indisponivel,CAMPO MOURAO,PR
28912,indisponivel,SANTA CRUZ CABRALIA,BA
28481,disponivel,PETROLINA,PE
24383,indisponivel,VILA VELHA,ES
26197,indisponivel,SAO PAULO,SP
27079,indisponivel,BIGUACU,SC
28976,indisponivel,SAO PAULO,SP
28638,indisponivel,SALTO DE PIRAPORA,SP
21959,indisponivel,VITORIA,ES
30263,indisponivel,CAMPO LIMPO PAULISTA,SP
29161,indisponivel,BATATAIS,SP
28101,indisponivel,SALVADOR,BA
30271,indisponivel,PAULISTA,PE
28932,indisponivel,EUSEBIO,CE
22909,indisponivel,TUPACIGUARA,MG
28495,indisponivel,CURITIBA,PR
28629,indisponivel,FORTALEZA,CE
17465,indisponivel,MACEIO,AL
25855,indisponivel,RIBEIRAO DAS NEVES,MG
29693,indisponivel,NATAL,RN
28946,indisponivel,BOM DESPACHO,MG
16355,indisponivel,SALVADOR,BA
26144,indisponivel,SAO JOAO DE MERITI,RJ
15623,indisponivel,SAO JOAO BATISTA,SC
18040,indisponivel,RIO DE JANEIRO,RJ
28167,indisponivel,CAMACARI,BA
18056,indisponivel,BRASILIA,DF
25998,indisponivel,RECIFE,PE
28178,indisponivel,BELO HORIZONTE,MG
29630,indisponivel,RIBEIRAO PRETO,SP
28186,indisponivel,RECIFE,PE
28911,indisponivel,BRASILIA,DF
30261,indisponivel,MAUA,SP
22508,indisponivel,PORTO ALEGRE,RS
23615,indisponivel,SANTOS,SP
28974,indisponivel,RECIFE,PE
24752,indisponivel,SAO LUIS,MA
23069,indisponivel,RIO DE JANEIRO,RJ
29694,indisponivel,BELO HORIZONTE,MG
29464,indisponivel,SANTO ANDRE,SP
16187,indisponivel,CAMETA,PA
23435,indisponivel,SAO CAETANO DO SUL,SP
24564,indisponivel,NITEROI,RJ
28918,indisponivel,CAJAMAR,SP
26321,indisponivel,SAO PAULO,SP
16077,indisponivel,JABOATAO DOS GUARARAPES,PE
18932,indisponivel,SAO PAULO,SP
20639,indisponivel,SAO PAULO,SP
25108,indisponivel,SAO PAULO,SP
27464,indisponivel,FORTALEZA,CE
26568,indisponivel,OSASCO,SP
28945,indisponivel,RIO DE JANEIRO,RJ
25208,indisponivel,ITATIBA,SP
27120,indisponivel,SAO JOSE DOS CAMPOS,SP
25150,indisponivel,MONTES CLAROS,MG
15583,indisponivel,VINHEDO,not_found
23677,indisponivel,BELEM,PA
29301,indisponivel,RIO DE JANEIRO,RJ
27511,indisponivel,MANAUS,AM
23803,indisponivel,SAO PAULO,SP
26813,indisponivel,FLORIANOPOLIS,SC
28921,indisponivel,COTIA,SP
23815,indisponivel,GOIANIA,GO
21639,indisponivel,JOAO PESSOA,PB
27570,indisponivel,ABREU E LIMA,PE
28575,indisponivel,RIBEIRAO PIRES,SP
16057,indisponivel,BUGRE,MG
16266,indisponivel,CONSELHEIRO LAFAIETE,MG
14918,indisponivel,FEIRA DE SANTANA,BA
14178,indisponivel,RIO DE JANEIRO,RJ
22989,indisponivel,CAJAMAR,SP
24722,indisponivel,DIVINOPOLIS,MG
15804,indisponivel,GOIANIA,GO
22319,indisponivel,BELO HORIZONTE,MG
17996,indisponivel,MOCOCA,SP
24895,indisponivel,NITEROI,RJ
26937,indisponivel,VERA CRUZ DO OESTE,PR
20865,indisponivel,CURITIBA,PR
27229,indisponivel,NOVA FRIBURGO,RJ
18770,indisponivel,SAO LUIS,MA
24791,indisponivel,RIO DE JANEIRO,RJ
25112,indisponivel,GUAIBA,RS
24701,indisponivel,SAO BERNARDO DO CAMPO,SP
25678,indisponivel,MATINHOS,PR
24261,indisponivel,SAO JOSE DO RIO PRETO,SP
19173,indisponivel,FLORIANOPOLIS,SC
26055,indisponivel,GOIANIA,GO
25676,indisponivel,BEBEDOURO,SP
16107,indisponivel,SAO PAULO,SP
15746,indisponivel,SAO PAULO,SP
15850,indisponivel,SAO PAULO,SP
24740,indisponivel,VITORIA,ES
16106,indisponivel,ALVORADA,RS
16635,indisponivel,RIO DE JANEIRO,RJ
17666,indisponivel,CURITIBA,PR
17139,indisponivel,BELO HORIZONTE,MG
15828,indisponivel,CANOAS,RS
27195,indisponivel,TEIXEIRA DE FREITAS,BA
27668,indisponivel,GOIANIA,GO
17395,indisponivel,FEIRA DE SANTANA,BA
26180,indisponivel,SAO BERNARDO DO CAMPO,SP
17571,indisponivel,BRASILIA,DF
16371,indisponivel,SOROCABA,SP
21183,indisponivel,PORTO ALEGRE,RS
16535,indisponivel,BELO HORIZONTE,MG
16545,indisponivel,ESMERALDAS,MG
25705,indisponivel,JUIZ DE FORA,MG
25052,indisponivel,FLORIANOPOLIS,SC
27143,indisponivel,SANTAREM,PA
16703,indisponivel,OSASCO,SP
16702,indisponivel,GOVERNADOR VALADARES,MG
16741,indisponivel,ITAJAI,SC
16742,indisponivel,BRASILIA,DF
16890,indisponivel,SAO PAULO ,SP
16906,indisponivel,SAO PAULO,SP
28518,indisponivel,RIBEIRAO PRETO,SP
17028,indisponivel,PORTO ALEGRE,RS
17105,indisponivel,SANTA MARIA,RS
24633,indisponivel,CONTAGEM,MG
15724,indisponivel,BELO HORIZONTE,MG
16067,indisponivel,JUNDIAI,SP
15945,indisponivel,SAO PAULO,SP
28457,indisponivel,SAO PAULO,SP
17155,indisponivel,NOVA LIMA,MG
28938,indisponivel,IGARASSU,PE
20973,indisponivel,RIO DE JANEIRO,RJ
22644,indisponivel,SAO PAULO,SP
22747,indisponivel,RECIFE,PE
26875,indisponivel,ITAPORANGA,SP
25891,indisponivel,RIO DE JANEIRO,RJ
17287,indisponivel,ITAPOA,SC
26351,indisponivel,BOM JESUS DA LAPA,BA
17292,indisponivel,SALVADOR,BA
17293,indisponivel,SAO JOAO DE MERITI,RJ
26118,indisponivel,CURITIBA,PR
25164,indisponivel,FLORIANOPOLIS,SC
20855,indisponivel,RIO GRANDE,RS
15102,indisponivel,BELO HORIZONTE,MG
17454,indisponivel,CURITIBA,PR
17463,indisponivel,SAO MANUEL,SP
29174,indisponivel,CURVELO,MG
17486,indisponivel,VIANOPOLIS,GO
16738,indisponivel,SAO PAULO,SP
16330,indisponivel,TUBARAO,SC
16676,indisponivel,SALVADOR,BA
24841,indisponivel,SAO PAULO,SP
18848,indisponivel,RIO DE JANEIRO,RJ
18872,indisponivel,RIO DE JANEIRO,RJ
18884,indisponivel,CAMPINAS,SP
18894,indisponivel,SAO GONCALO ,RJ
21818,indisponivel,CURITIBA,PR
18900,indisponivel,MANAUS,AM
18913,indisponivel,FORTALEZA,CE
17495,indisponivel,SAO PAULO,SP
18972,indisponivel,PALMEIRAS,BA
20606,indisponivel,CURITIBA,PR
25647,indisponivel,CURITIBA,PR
19026,indisponivel,NOVO HAMBURGO,RS
19088,indisponivel,SAO JOSE DOS CAMPOS,SP
18199,indisponivel,SANTOS,SP
27626,indisponivel,IMBITUBA,SC
25083,indisponivel,JACOBINA,BA
18127,indisponivel,SALVADOR,BA
24721,indisponivel,OSASCO,SP
26079,indisponivel,JUAZEIRO,BA
19585,indisponivel,JANUARIA,MG
27246,indisponivel,SAO PAULO,SP
25556,indisponivel,BATATAIS,SP
18182,indisponivel,PRAIA GRANDE ,SP
17275,indisponivel,BRASILIA,DF
20350,indisponivel,SAO PAULO,SP
19714,indisponivel,SABARA,MG
15127,indisponivel,HORTOLANDIA,SP
17325,indisponivel,JARAGUA DO SUL,SC
18787,indisponivel,SAO PAULO,SP
23296,indisponivel,BRASILIA,DF
19781,indisponivel,MACEIO,AL
24538,indisponivel,SAO CARLOS,SP
18736,indisponivel,FORTALEZA ,CE
19807,indisponivel,VOTORANTIM,SP
19803,indisponivel,BELO HORIZONTE,MG
15590,indisponivel,SAO PAULO,SP
20624,indisponivel,SAO PAULO ,SP
17494,indisponivel,RIO DE JANEIRO,RJ
26012,indisponivel,BRASILIA,DF
25051,indisponivel,CAMPINAS,SP
15571,indisponivel,NITEROI,RJ
20080,indisponivel,SAO CAETANO DO SUL ,SP
25877,indisponivel,SAO PAULO,SP
15119,indisponivel,SALVADOR,BA
22849,indisponivel,BELEM ,PA
26011,indisponivel,RIO DE JANEIRO,RJ
20002,indisponivel,SAO PAULO,SP
23166,indisponivel,SP,SP
20220,indisponivel,CURITIBA,PR
15899,indisponivel,LENCOIS PAULISTA,SP
25467,indisponivel,SAO PAULO,SP
20188,indisponivel,MARACAS,BA
20219,indisponivel,PAULISTA,PE
20271,indisponivel,PIRITUBA,SP
25258,indisponivel,SAO JOSE DO RIO PRETO,SP
20370,indisponivel,SAO PAULO,SP
22848,indisponivel,BLUMENAU,SC
20541,indisponivel,MARINGA,PR
20543,indisponivel,ITAQUAQUECETUBA,SP
20563,indisponivel,SERRA,ES
20597,indisponivel,SAO PAULO,SP
20586,indisponivel,LAGARTO,SE
22325,indisponivel,ITAQUAQUECETUBA,SP
20596,indisponivel,MULUNGU DO MORRO,BA
20570,indisponivel,MACEIO,AL
20632,indisponivel,CURITIBA,PR
20633,indisponivel,SAO PAULO,SP
20611,indisponivel,REGISTRO,SP
20617,indisponivel,NITEROI,RJ
24735,indisponivel,RIO DE JANEIRO,RJ
20646,indisponivel,SAO PAULO,SP
27682,indisponivel,RIO DE JANEIRO,RJ
20649,indisponivel,FORTALEZA,CE
15576,indisponivel,PORTO ALEGRE,RS
20680,indisponivel,RIO DE JANEIRO,RJ
15556,indisponivel,SAO JOSE DOS PINHAIS,PR
20697,indisponivel,BELO HORIZONTE,MG
20687,indisponivel,SAO JOSE DE RIBAMAR,MA
18176,indisponivel,PORTO ALEGRE,RS
26085,indisponivel,SUZANO,SP
20710,indisponivel,GUARULHOS,SP
20707,indisponivel,SAO PAULO,SP
18205,indisponivel,SAO PAULO,SP
16072,indisponivel,CARLOS BARBOSA,RS
18206,indisponivel,INDAIATUBA,SP
20782,indisponivel,BRASILIA,DF
20784,indisponivel,RIBEIRAO PRETO,SP
20793,indisponivel,RIO DE JANEIRO,RJ
20815,indisponivel,SAO PAULO,SP
20859,indisponivel,PORTO ALEGRE,RS
20917,indisponivel,GAROPABA,SC
20936,indisponivel,DIADEMA,SP
20984,indisponivel,SAO PAULO,SP
25880,indisponivel,SOROCABA,SP
27729,indisponivel,ATIBAIA,SP
24997,indisponivel,BETIM,MG
27457,indisponivel,VILA VELHA,ES
26156,indisponivel,CANOAS,RS
21277,indisponivel,MUNIZ FREIRE,ES
21311,indisponivel,JOINVILLE,SC
27617,indisponivel,RIO DE JANEIRO,RJ
21390,indisponivel,GUARULHOS,SP
26710,indisponivel,VITORIA,ES
16581,indisponivel,LONDRINA,PR
21460,indisponivel,SAO PAULO,SP
27563,indisponivel,NOVA IGUACU,RJ
21483,indisponivel,POUSO ALEGRE,MG
21482,indisponivel,RIO DE JANEIRO,RJ
21582,indisponivel,FLORIANOPOLIS,SC
20771,indisponivel,RIO DE JANEIRO,RJ
20974,indisponivel,SAO PAULO,SP
14896,indisponivel,SERRA,ES
24714,indisponivel,RIO GRANDE,RS
15091,indisponivel,GUARAPUAVA,PR
15092,indisponivel,PORTO ALEGRE,RS
15095,indisponivel,SANTA MARIA,RS
15098,indisponivel,ALEGRETE,RS
15116,indisponivel,BELO HORIZONTE,MG
16081,indisponivel,VARRE-SAI,RJ
25267,indisponivel,FORTALEZA,CE
15124,indisponivel,RIO DE JANEIRO,RJ
15126,indisponivel,GOIANIA ,GO
17250,disponivel,BOA VISTA,RR
20441,disponivel,BELEM,PA
25544,disponivel,TERESINA,PI
15618,disponivel,PELOTAS,RS
18533,disponivel,ITACURUBA,PE
15754,disponivel,MANAUS,AM
16728,disponivel,ACAJUTIBA,BA
28651,disponivel,MANAUS,AM
15739,disponivel,JUAZEIRO DO NORTE,CE
16061,disponivel,SALVADOR,BA
15632,disponivel,RIO BRANCO,AC
28526,disponivel,MACEIO,AL
18453,disponivel,SAO LUIS,MA
21273,disponivel,MANAUS,AM
19029,disponivel,BELO JARDIM,PE
28597,disponivel,RESENDE,RJ
24575,disponivel,LAURO DE FREITAS,BA
24819,disponivel,FEIRA DE SANTANA,BA
25254,disponivel,FORTALEZA,CE
29032,disponivel,FLORIANO,PI
22996,disponivel,SANTIAGO,RS
23157,disponivel,VICOSA DO CEARA,CE
26545,disponivel,RIO GRANDE,RS
26654,disponivel,FORTALEZA,CE
27361,disponivel,MORADA NOVA,CE
24840,disponivel,IGUATU,CE
24905,disponivel,RIO GRANDE,RS
25169,disponivel,GURUPI,TO
19278,disponivel,PORTO VELHO,RO
25371,disponivel,RECIFE,PE
30296,disponivel,FOZ DO IGUACU,PR
18470,disponivel,FORTALEZA,CE
28873,disponivel,PENTECOSTE,CE
27483,disponivel,RIO BRANCO,AC
28060,disponivel,TERESINA,PI
27925,disponivel,FORTALEZA,CE
24615,disponivel,MANAUS,AM
27046,disponivel,SALVADOR,BA
17117,disponivel,CARUARU,PE
24439,disponivel,PEREIRO,CE
28500,disponivel,BARREIRINHAS,MA
28472,disponivel,CORACAO DE MARIA,BA
24355,disponivel,MANAUS,AM
17035,disponivel,SANTA CRUZ DO CAPIBARIBE,PE
28916,disponivel,CAXIAS,MA
15807,disponivel,CORUMBA,MS
26245,disponivel,AUGUSTINOPOLIS,TO
27033,indisponivel,RIO DE JANEIRO,RJ
28116,indisponivel,JACAREI,SP
23946,indisponivel,RIO DE JANEIRO,RJ
15162,indisponivel,RECIFE,PE
28124,indisponivel,CAXIAS DO SUL,RS
28128,indisponivel,VASSOURAS,RJ
15163,indisponivel,MANAUS,AM
28127,indisponivel,SAO PAULO,SP
15165,indisponivel,DIVINOPOLIS,MG
15166,indisponivel,SALVADOR,BA
28133,indisponivel,NATAL,RN
15167,indisponivel,RECIFE,PE
18024,indisponivel,SANTO ANDRE,SP
28132,indisponivel,PRAIA GRANDE,SP
28210,indisponivel,CANAVIEIRAS,BA
28134,indisponivel,TERESINA,PI
28130,indisponivel,SAO PAULO,SP
28125,indisponivel,SALVADOR,BA
24626,indisponivel,SAO PAULO,SP
28126,indisponivel,SAO PAULO,SP
28107,indisponivel,SALVADOR,BA
15168,indisponivel,JAGUARIBE,CE
15170,indisponivel,SAO LUIS,MA
15171,indisponivel,JABOATAO DOS GUARARAPES,PE
15172,indisponivel,BRASILIA,DF
15173,indisponivel,RECIFE,PE
15174,indisponivel,RECIFE,PE
15175,indisponivel,GOVERNADOR VALADARES,MG
15176,indisponivel,BRASILIA,DF
28117,indisponivel,UBERABA,MG
28487,indisponivel,BRASILIA,DF
15177,indisponivel,SALVADOR,BA
15178,indisponivel,SANTAREM,PA
28136,indisponivel,RIO DE JANEIRO,RJ
15179,indisponivel,TABULEIRO DO NORTE,CE
22198,indisponivel,MACAPA,AP
15180,indisponivel,LUIS EDUARDO MAGALHAES,BA
15181,indisponivel,FORMOSO DO ARAGUAIA,TO
28139,indisponivel,RIO DE JANEIRO,RJ
15184,indisponivel,FLORANIA,RN
29157,indisponivel,INDAIATUBA,SP
28135,indisponivel,SAO PAULO,SP
15185,indisponivel,SAO LUIS,MA
28138,indisponivel,CAMPINAS,SP
28083,indisponivel,GUARULHOS,SP
15186,indisponivel,FORTALEZA,CE
28108,indisponivel,RECIFE,PE
28118,indisponivel,SAO PAULO,SP
15187,indisponivel,ANAPOLIS,GO
25346,indisponivel,CURITIBA,PR
28119,indisponivel,SALVADOR,BA
15193,indisponivel,FORTALEZA,CE
15194,indisponivel,BELEM,PA
15199,indisponivel,JUAZEIRO DO NORTE,CE
28608,indisponivel,NITEROI,RJ
15200,indisponivel,MANAUS,AM
15217,indisponivel,SALVADOR,BA
28120,indisponivel,RIO DE JANEIRO,RJ
15198,indisponivel,FORTALEZA,CE
17849,indisponivel,VITORIA,ES
28088,indisponivel,VITORIA,ES
18132,indisponivel,RECIFE,PE
29158,indisponivel,SALVADOR,BA
15206,indisponivel,LAGOA DA PRATA,MG
28123,indisponivel,SAO PAULO,SP
15207,indisponivel,BATURITE,CE
28121,indisponivel,TERESINA,PI
15208,indisponivel,SAO LUIS,MA
15209,indisponivel,BELEM,PA
27302,indisponivel,BRASILIA,DF
15214,indisponivel,APARECIDA DE GOIANIA,GO
15247,indisponivel,PELOTAS,RS
22190,indisponivel,RIO VERDE,GO
15191,indisponivel,MANAUS,AM
15220,indisponivel,IPAMERI,GO
23622,indisponivel,BELEM,PA
15228,indisponivel,NATAL,RN
28568,indisponivel,MANAUS,AM
15230,indisponivel,POCO BRANCO,RN
15231,indisponivel,RITAPOLIS,MG
21501,indisponivel,GUARULHOS,SP
15232,indisponivel,IPATINGA,MG
15233,indisponivel,SETE LAGOAS,MG
15234,indisponivel,PARNAMIRIM,RN
15229,indisponivel,NATAL,RN
15237,indisponivel,PIRAPETINGA,MG
15238,indisponivel,SAO PAULO,SP
21312,indisponivel,CRICIUMA,SC
15243,indisponivel,BELO HORIZONTE,MG
15221,indisponivel,SALVADOR,BA
15225,indisponivel,BELO HORIZONTE,MG
15250,indisponivel,UBERLANDIA,MG
15253,indisponivel,SANTA BARBARA,MG
15261,indisponivel,SAO LOURENCO DO OESTE,SC
28609,indisponivel,VIANA,ES
15262,indisponivel,DOURADOS,MS
28080,indisponivel,SALVADOR,BA
23703,indisponivel,LONDRINA,PR
15264,indisponivel,SAO PAULO,SP
15265,indisponivel,JUIZ DE FORA,MG
15266,indisponivel,SAO PAULO,SP
28109,indisponivel,SALVADOR,BA
23249,indisponivel,BARRA DO PIRAI,RJ
15267,indisponivel,EXTREMA,MG
15268,indisponivel,SAO SEBASTIAO,SP
27666,indisponivel,DIADEMA,SP
15269,indisponivel,PRESIDENTE FIGUEIREDO,AM
15270,indisponivel,PRAIA GRANDE,SP
15272,indisponivel,ITUPEVA,SP
28070,indisponivel,NITEROI,RJ
28071,indisponivel,RIO DAS OSTRAS,RJ
28569,indisponivel,RIO DE JANEIRO,RJ
27556,indisponivel,FORTALEZA,CE
28489,indisponivel,SAO PAULO,SP
24321,indisponivel,OUROESTE,SP
21843,indisponivel,RIO DE JANEIRO,RJ
23894,indisponivel,BAURU,SP
26227,indisponivel,SAO PAULO,SP
14783,indisponivel,ARARAQUARA,SP
23015,indisponivel,ITAJOBI,SP
14832,indisponivel,SALVADOR,BA
28924,indisponivel,SAO PAULO,SP
19294,indisponivel,RIO DE JANEIRO,RJ
29792,indisponivel,SAO PAULO,SP
15439,indisponivel,PAULISTA,PE
19233,indisponivel,PORTO FELIZ,SP
15273,indisponivel,IPATINGA,MG
15275,indisponivel,FRANCISCO MORATO,SP
21885,indisponivel,SALVADOR,BA
19020,indisponivel,PATO BRANCO,PR
15255,indisponivel,PIRACICABA,SP
15277,indisponivel,TRES CORACOES,MG
15279,indisponivel,TAUBATE,SP
15293,indisponivel,CONTAGEM,MG
20130,indisponivel,SANTA MARIA,RS
14975,indisponivel,RIBEIRAO PRETO,SP
15283,indisponivel,SAO PAULO,SP
28090,indisponivel,MARICA,RJ
15285,indisponivel,CABO FRIO,RJ
15287,indisponivel,UBERLANDIA,MG
22776,indisponivel,GOIANIA,GO
22686,indisponivel,RIO DE JANEIRO,RJ
15288,indisponivel,RIO DE JANEIRO,RJ
15289,indisponivel,CABO FRIO,RJ
15294,indisponivel,NOVA IGUACU,RJ
15296,indisponivel,ARACATUBA,SP
27957,indisponivel,SAO GONCALO,RJ
15298,indisponivel,NOVA ESPERANCA,PR
25505,indisponivel,PORTO VELHO,RO
15299,indisponivel,SANTOS,SP
28085,indisponivel,LAURO DE FREITAS,BA
15300,indisponivel,CARAVELAS,BA
15301,indisponivel,SAO PAULO,SP
15302,indisponivel,BRASILIA,DF
15303,indisponivel,BETIM,MG
15304,indisponivel,VOTUPORANGA,SP
28086,indisponivel,GARCA,SP
14984,indisponivel,SAO BERNARDO DO CAMPO,SP
15328,indisponivel,RIO DE JANEIRO,RJ
24522,indisponivel,RIBEIRAO PRETO,SP
15309,indisponivel,FAZENDA RIO GRANDE,PR
15311,indisponivel,ARAPONGAS,PR
27777,indisponivel,CAMPINAS,SP
27790,indisponivel,SAO PAULO,SP
28073,indisponivel,CONTAGEM,MG
15312,indisponivel,BRASILIA,DF
15313,indisponivel,SAO PAULO,SP
15314,indisponivel,BELO HORIZONTE,MG
28014,indisponivel,SAO PAULO,SP
27440,indisponivel,FLORIANOPOLIS,SC
15315,indisponivel,BELO HORIZONTE,MG
15317,indisponivel,ECHAPORA,SP
15318,indisponivel,RIO DE JANEIRO,RJ
15321,indisponivel,SALVADOR,BA
15323,indisponivel,CURITIBA,PR
28087,indisponivel,GARCA,SP
15324,indisponivel,AMPERE,PR
15319,indisponivel,PORTO ALEGRE,RS
15327,indisponivel,SAO PAULO,SP
16242,indisponivel,SAO PAULO,SP
29159,indisponivel,SERRA,ES
26944,indisponivel,RIO DE JANEIRO,RJ
28111,indisponivel,AGUAS DE LINDOIA,SP
15329,indisponivel,LAVRAS,MG
15331,indisponivel,ARAUCARIA,PR
14787,indisponivel,CORDEIRO,RJ
15307,indisponivel,GOIANIA,GO
15333,indisponivel,SAO PAULO,SP
15335,indisponivel,SANTA LUZIA,MG
15360,indisponivel,SAO PAULO,SP
15339,indisponivel,BELO HORIZONTE,MG
15340,indisponivel,FEIRA DE SANTANA,BA
22113,indisponivel,RIO DE JANEIRO,RJ
26313,indisponivel,SANTA MARIA,RS
23406,indisponivel,VITORIA,ES
14839,indisponivel,SAO ROQUE,SP
21319,indisponivel,RIO DE JANEIRO,RJ
15344,indisponivel,BELO HORIZONTE,MG
23039,indisponivel,SAO PAULO,SP
28074,indisponivel,BOM JARDIM,RJ
19583,indisponivel,BELO HORIZONTE,MG
28925,indisponivel,BELO HORIZONTE,MG
19210,indisponivel,COLOMBO,PR
14786,indisponivel,RJ,RJ
22372,indisponivel,SOROCABA,SP
15346,indisponivel,RIO DE JANEIRO,RJ
15347,indisponivel,INTERNACIONAL,INT
23681,indisponivel,BELO HORIZONTE,MG
15348,indisponivel,SAO PAULO,SP
28112,indisponivel,MACEIO,AL
15350,indisponivel,MARMELOPOLIS,MG
15351,indisponivel,PIRACICABA,SP
15352,indisponivel,RIO DE JANEIRO,RJ
28491,indisponivel,CURITIBA,PR
27644,indisponivel,GOIANIA,GO
28114,indisponivel,SAO PAULO,SP
15356,indisponivel,SAO PAULO,SP
15357,indisponivel,SUMARE,SP
21871,indisponivel,BELO HORIZONTE,MG
15536,indisponivel,BELO HORIZONTE,MG
29160,indisponivel,BARRA DOS COQUEIROS,SE
29305,indisponivel,MARINGA,PR
28330,indisponivel,CRISTINAPOLIS,SE
15361,indisponivel,MONTE ALTO,SP
28115,indisponivel,DOURADOS,MS
28077,indisponivel,CURITIBA,PR
15362,indisponivel,MARINGA,PR
15363,indisponivel,FEIRA DE SANTANA,BA
15364,indisponivel,CURITIBA,PR
28091,indisponivel,NOVA PRATA DO IGUACU,PR
15381,indisponivel,MONTES CLAROS,MG
22516,indisponivel,IBIRUBA,RS
23619,indisponivel,NOVO HORIZONTE,SP
15369,indisponivel,SOROCABA,SP
15368,indisponivel,JUIZ DE FORA,MG
28610,indisponivel,FLORIANOPOLIS,SC
27953,indisponivel,SAO JOSE DO RIO PRETO,SP
23903,indisponivel,RIO DE JANEIRO,RJ
22928,indisponivel,BARUERI,SP
15376,indisponivel,ESPIRITO SANTO DO DOURADO,MG
19383,indisponivel,BOA ESPERANCA,MG
15380,indisponivel,TATUI,SP
14939,indisponivel,MARINGA,PR
14791,indisponivel,GOIANIA,GO
15397,indisponivel,RIO VERDE,GO
15402,indisponivel,PIRES DO RIO,GO
28079,indisponivel,POCOS DE CALDAS,MG
15418,indisponivel,JUIZ DE FORA,MG
15417,indisponivel,CAMPO GRANDE,MS
15419,indisponivel,RIBEIRAO PRETO,SP
24898,indisponivel,BELO HORIZONTE,MG
22080,indisponivel,FEIRA DE SANTANA,BA
15400,indisponivel,CARAPICUIBA,SP
27292,indisponivel,SALVADOR,BA
15401,indisponivel,SALVADOR,BA
14369,indisponivel,SAO PAULO,SP
15438,indisponivel,GOIANIRA,GO
15441,indisponivel,CATU,BA
15444,indisponivel,VITORIA DA CONQUISTA,BA
15445,indisponivel,GOIANIA,GO
18818,indisponivel,ALAGOINHAS,BA
28611,indisponivel,JUNDIAI,SP
15453,indisponivel,GOIANIA,GO
23280,indisponivel,PONTA GROSSA,PR
15455,indisponivel,COXIM,MS
15456,indisponivel,SOCORRO,SP
15432,indisponivel,SANTA MARIA,RS
15447,indisponivel,MIRASSOL D OESTE,MT
15429,indisponivel,MONTES CLAROS,MG
15462,indisponivel,GOIANIA,GO
27588,indisponivel,ARARAS,SP
31244,indisponivel,CAMPINAS,SP
28926,indisponivel,SALVADOR,BA
16394,indisponivel,BARREIRAS,BA
20043,indisponivel,UBERABA,MG
15491,indisponivel,RIO DE JANEIRO,RJ
15463,indisponivel,PRESIDENTE FIGUEIREDO,AM
15464,indisponivel,CANOAS,RS
15465,indisponivel,PENAPOLIS,SP
15466,indisponivel,ARACAJU,SE
15468,indisponivel,BOA VISTA,RR
15477,indisponivel,GUARATINGUETA,SP
15478,indisponivel,PARANAGUA,PR
15479,indisponivel,CURITIBA,PR
15480,indisponivel,XANXERE,SC
15481,indisponivel,RIO GRANDE,RS
15218,indisponivel,SAO LUIS,MA
15485,indisponivel,PINDAMONHANGABA,SP
15752,indisponivel,TAUBATE,SP
15517,indisponivel,BELO HORIZONTE,MG
15457,indisponivel,BRASILIA,DF
15496,indisponivel,RIO DE JANEIRO,RJ
15497,indisponivel,SAO PAULO,SP
14795,indisponivel,CARATINGA,MG
14796,indisponivel,SAO PAULO,SP
15499,indisponivel,ITABERAI,GO
19299,indisponivel,FIGUEIROPOLIS,TO
15500,indisponivel,BRASILIA,DF
15502,indisponivel,INTERNACIONAL,INT
15503,indisponivel,ALAGOINHA,PB
15510,indisponivel,BELO HORIZONTE,MG
15511,indisponivel,RIO DE JANEIRO,RJ
15508,indisponivel,BELO HORIZONTE,MG
15513,indisponivel,RIO DE JANEIRO,RJ
15514,indisponivel,NATAL,RN
15488,indisponivel,FORTALEZA,CE
15498,indisponivel,SAO PAULO,SP
15492,indisponivel,SALTO,SP
15504,indisponivel,JEQUIE,BA
15490,indisponivel,RIO DE JANEIRO,RJ
15487,indisponivel,RIO DE JANEIRO,RJ
15501,indisponivel,VOTORANTIM,SP
15522,indisponivel,CUIABA,MT
15523,indisponivel,SAO PAULO,SP
15524,indisponivel,MINEIROS,GO
15525,indisponivel,SAO PAULO,SP
15530,indisponivel,ITAJUBA,MG
15531,indisponivel,BARUERI,SP
15532,indisponivel,FLORIANOPOLIS,SC
15533,indisponivel,RIO DE JANEIRO,RJ
15535,indisponivel,IPATINGA,MG
15539,indisponivel,PRAIA GRANDE,SP
15541,indisponivel,PORTO ALEGRE,RS
15542,indisponivel,MANDAGUARI,PR
15543,indisponivel,FORTALEZA,CE
15544,indisponivel,SALVADOR,BA
15546,indisponivel,CONSELHEIRO LAFAIETE,MG
15538,indisponivel,NOVO HAMBURGO,RS
14330,indisponivel,BRASILIA,DF
15529,indisponivel,SALVADOR,BA
28570,indisponivel,JOAO PESSOA,PB
15537,indisponivel,MARINGA,PR
15555,indisponivel,TUBARAO,SC
15557,indisponivel,SANTOS,SP
15561,indisponivel,RIO DE JANEIRO,RJ
15565,indisponivel,FORTALEZA,CE
15566,indisponivel,BELO HORIZONTE ,MG
19436,indisponivel,RIO DE JANEIRO,RJ
21841,indisponivel,SAO PAULO,SP
15573,indisponivel,BELEM ,PA
17921,indisponivel,GUARULHOS,SP
14819,indisponivel,BELO HORIZONTE,MG
15553,indisponivel,RIO DE JANEIRO,RJ
22095,indisponivel,VITORIA,ES
15559,indisponivel,RIO GRANDE,RS
14901,indisponivel,RIO DE JANEIRO,RJ
15547,indisponivel,LONDRINA,PR
15582,indisponivel,FRANCA ,SP
21840,indisponivel,SAO PAULO,SP
23035,indisponivel,BELO HORIZONTE,MG
15596,indisponivel,SAO PAULO,SP
15600,indisponivel,RECIFE,PE
15601,indisponivel,RIBEIRAO PRETO,SP
15604,indisponivel,SAO PAULO,SP
15597,indisponivel,TERESINA,PI
15581,indisponivel,CAMPINAS,SP
15587,indisponivel,CAMPINAS,SP
22796,indisponivel,SAO PAULO,SP
19402,indisponivel,CORONEL FABRICIANO,MG
13951,indisponivel,SAO PAULO ,SP
13952,indisponivel,MARILIA,SP
13961,indisponivel,SOROCABA ,SP
15628,indisponivel,FRUTAL,MG
15626,indisponivel,SAO PAULO,SP
21807,indisponivel,PERUIBE,SP
15634,indisponivel,SAO PAULO,SP
15621,indisponivel,CAPELINHA,MG
15622,indisponivel,JOAO PESSOA,PB
15627,indisponivel,SAO PAULO,SP
15611,indisponivel,RIBEIRAO PRETO ,SP
27505,indisponivel,MACEIO,AL
15651,indisponivel,SANTA MARIA,RS
15650,indisponivel,PORTO ALEGRE,RS
15655,indisponivel,DOURADOS,MS
15663,indisponivel,SAO PAULO,SP
19336,indisponivel,SALVADOR,BA
19357,indisponivel,CAMPINAS,SP
22069,indisponivel,RIO DE JANEIRO,RJ
15375,indisponivel,QUIXADA,CE
15638,indisponivel,MESQUITA,RJ
15656,indisponivel,CAPAO DA CANOA,RS
15642,indisponivel,TABOAO DA SERRA,SP
15665,indisponivel,SALGUEIRO,PE
15659,indisponivel,SENHOR DO BONFIM,BA
15676,indisponivel,CAMPINAS,SP
15677,indisponivel,SAO BERNARDO DO CAMPO,SP
15678,indisponivel,CURITIBA,PR
21804,indisponivel,BETIM,MG
15681,indisponivel,JUIZ DE FORA,MG
22360,indisponivel,INHAMBUPE,BA
15682,indisponivel,SAO PAULO,SP
15683,indisponivel,SANTA CARMEM,MT
28094,indisponivel,FORTALEZA,CE
15684,indisponivel,SALVADOR ,BA
15687,indisponivel,RIO DE JANEIRO,RJ
15689,indisponivel,CURITIBA ,PR
15693,indisponivel,SAO GONCALO,RJ
15672,indisponivel,DOURADOS,MS
15671,indisponivel,RIO DE JANEIRO,RJ
24484,indisponivel,SALVADOR,BA
15688,indisponivel,VALENCA,RJ
15690,indisponivel,RIO DE JANEIRO,RJ
15706,indisponivel,BRASILIA,DF
15710,indisponivel,SAO PAULO,SP
15711,indisponivel,RECIFE,PE
15712,indisponivel,SAO PAULO,SP
15727,indisponivel,CAMPOS,RJ
15696,indisponivel,RIO DE JANEIRO,RJ
15699,indisponivel,MACAE,RJ
15701,indisponivel,RECIFE,PE
28494,indisponivel,SAO GONCALO,RJ
15713,indisponivel,SAO PAULO,SP
15343,indisponivel,CURITIBA,PR
15716,indisponivel,SAO VICENTE,SP
21803,indisponivel,NOVA VENECIA,ES
21802,indisponivel,SAO PAULO,SP
21800,indisponivel,MARABA,PA
15722,indisponivel,ORIXIMINA,PA
17506,indisponivel,JOAO PESSOA,PB
15744,indisponivel,DIVINOPOLIS,MG
22599,indisponivel,ATIBAIA,SP
20977,indisponivel,NITEROI,RJ
27407,indisponivel,PORTO ALEGRE,RS
15750,indisponivel,MOGI GUACU,SP
15756,indisponivel,DIVINO,MG
23038,indisponivel,MONTES CLAROS,MG
15734,indisponivel,SALVADOR,BA
15737,indisponivel,BELEM,PA
15743,indisponivel,TEIXEIRA DE FREITAS,BA
21799,indisponivel,SAO PAULO,SP
15732,indisponivel,TIANGUA,CE
20985,indisponivel,ARCOS,MG
15784,indisponivel,BETIM,MG
15773,indisponivel,SAO PAULO,SP
16232,indisponivel,RIO DE JANEIRO,RJ
14042,indisponivel,PORTO ALEGRE,RS
15745,indisponivel,TAQUARI,RS
28612,indisponivel,BELO HORIZONTE,MG
15840,indisponivel,SAO PAULO,SP
15771,indisponivel,SAO BERNARDO DO CAMPO,SP
15764,indisponivel,CAMPO LARGO,PR
15767,indisponivel,PETROLINA,PE
15770,indisponivel,DUQUE DE CAXIAS,RJ
15775,indisponivel,RIO DE JANEIRO,RJ
15778,indisponivel,JUIZ DE FORA,MG
21798,indisponivel,GUARULHOS,SP
15761,indisponivel,VARZEA PAULISTA,SP
15793,indisponivel,MACAE,RJ
15797,indisponivel,CANOAS,RS
15790,indisponivel,JUIZ DE FORA,MG
15821,indisponivel,INDAIATUBA,SP
15822,indisponivel,SANTOS ,SP
15825,indisponivel,SAO PAULO,SP
15806,indisponivel,APARECIDA DE GOIANIA,GO
15805,indisponivel,MANAUS,AM
19103,indisponivel,RIO DE JANEIRO,RJ
14061,indisponivel,SAO JOSE DOS CAMPOS,SP
15297,indisponivel,CURITIBA,PR
15789,indisponivel,SANTA MARIA,RS
15814,indisponivel,SAO LUDGERO,SC
15815,indisponivel,RIO DE JANEIRO,RJ
22380,indisponivel,TUBARAO,SC
15834,indisponivel,CAMPINAS,SP
15830,indisponivel,JANAUBA,MG
15838,indisponivel,CAMPINAS,SP
15839,indisponivel,GOIANIA,GO
15841,indisponivel,PORTO VELHO ,RO
15842,indisponivel,SAO PAULO,SP
15843,indisponivel,BRASILIA,DF
15844,indisponivel,PALHOCA,SC
15845,indisponivel,BEBEDOURO,SP
15846,indisponivel,FRANCISCO BELTRAO ,PR
15848,indisponivel,RIO DE JANEIRO,RJ
15849,indisponivel,BELO HORIZONTE,MG
15852,indisponivel,CELSO RAMOS,SC
15853,indisponivel,BRASILIA,DF
28095,indisponivel,MARINGA,PR
21791,indisponivel,PORTO ALEGRE,RS
15855,indisponivel,PIRACICABA,SP
15856,indisponivel,FRANCA,SP
15831,indisponivel,OSASCO,SP
15847,indisponivel,SALVADOR,BA
14077,indisponivel,SAO PAULO,SP
26621,indisponivel,APARECIDA DE GOIANIA,GO
17909,indisponivel,SOROCABA,SP
15826,indisponivel,RIO DE JANEIRO,RJ
15859,indisponivel,RIO DE JANEIRO ,RJ
15860,indisponivel,VILA VELHA ,ES
15861,indisponivel,CAUCAIA,CE
28096,indisponivel,TRAIPU,AL
21239,indisponivel,UBERABA,MG
15864,indisponivel,VITORIA,ES
18091,indisponivel,CAUCAIA,CE
22405,indisponivel,ANDRADAS,MG
15868,indisponivel,SAO PAULO,SP
15870,indisponivel,SAO LUIS DE MONTES BELOS ,GO
15871,indisponivel,CABO FRIO,RJ
15872,indisponivel,NOVA IGUACU ,RJ
15873,indisponivel,SAO PAULO ,SP
15874,indisponivel,ROLANDIA ,PR
15875,indisponivel,FORTALEZA,CE
15876,indisponivel,SAO PAULO ,SP
15878,indisponivel,NITEROI,RJ
15879,indisponivel,UBAJARA,CE
15880,indisponivel,PORTO ALEGRE,RS
26575,indisponivel,FORTALEZA,CE
28097,indisponivel,SANTO ANTONIO DE JESUS,BA
14097,indisponivel,PRAIA GRANDE,SP
15881,indisponivel,09560100,SP
15882,indisponivel,CACHOEIRO DE ITAPEMIRIM,ES
15883,indisponivel,SALVADOR,BA
15885,indisponivel,PARNAIBA ,PI
15886,indisponivel,SAO BERNARDO DO CAMPO,SP
15877,indisponivel,PELOTAS,RS
21763,indisponivel,CURITIBA,PR
19325,indisponivel,NATAL,RN
15890,indisponivel,SAO PAULO,SP
15891,indisponivel,RIO DE JANEIRO,RJ
15892,indisponivel,VARZEA GRANDE,MT
15893,indisponivel,CURITIBA,PR
